{"stats":{"minecraft:custom":{"minecraft:blood":0,"minecraft:interact_with_furnace":1,"minecraft:mob_kills":76,"minecraft:dexterity":12,"minecraft:intelligence":9,"minecraft:move_speed":0,"minecraft:interact_with_crafting_table":5,"minecraft:open_barrel":12,"minecraft:damage_dealt_resisted":785,"minecraft:leave_game":2,"minecraft:time_since_death":111769,"minecraft:sleep_in_bed":1,"minecraft:climb_one_cm":5886,"minecraft:levels_gained":7,"minecraft:mana":268,"minecraft:waystone_activated":1,"minecraft:time_since_rest":33700,"minecraft:magic_shield":0,"minecraft:sprint_one_cm":253617,"minecraft:walk_one_cm":330830,"minecraft:damage_taken":1994,"minecraft:damage_absorbed":1083,"minecraft:drop":34,"minecraft:damage_dealt":4515,"minecraft:health":247,"minecraft:swim_one_cm":11597,"minecraft:fly_one_cm":304076,"minecraft:open_chest":43,"minecraft:crouch_one_cm":470,"minecraft:play_time":111769,"minecraft:sneak_time":1030,"minecraft:walk_under_water_one_cm":35458,"minecraft:jump":1659,"minecraft:energy":230,"minecraft:walk_on_water_one_cm":22260,"minecraft:strength":20,"minecraft:total_world_time":111769,"minecraft:fall_one_cm":47534},"minecraft:killed":{"born_in_chaos_v1:zombie_clown":1,"born_in_chaos_v1:spiritof_chaos":1,"born_in_chaos_v1:zombie_lumberjack":4,"minecraft:zombie_villager":1,"born_in_chaos_v1:restless_spirit":2,"born_in_chaos_v1:baby_skeleton":3,"born_in_chaos_v1:swarmer":1,"minecraft:spider":1,"born_in_chaos_v1:siamese_skeletonsright":1,"minecraft:creeper":4,"born_in_chaos_v1:zombie_bruiser":1,"born_in_chaos_v1:scarlet_persecutor":2,"born_in_chaos_v1:decrepit_skeleton":5,"undead_revamp2:theswarmer":2,"born_in_chaos_v1:maggot":6,"minecraft:sheep":3,"minecraft:skeleton":4,"born_in_chaos_v1:dire_hound_leader":1,"born_in_chaos_v1:zombie_fisherman":1,"minecraft:zombie":7,"aoa3:goblin":1,"minecraft:bee":1,"born_in_chaos_v1:dread_hound":5,"born_in_chaos_v1:corpse_fly":5,"born_in_chaos_v1:dark_vortex":1,"realmrpg_demons:chort":1,"minecraft:drowned":2,"undead_revamp2:therod":1,"undead_revamp2:thepregnant":1,"born_in_chaos_v1:door_knight":4,"born_in_chaos_v1:siamese_skeletonsleft":1},"minecraft:dropped":{"minecraft:iron_ingot":1,"minecraft:iron_nugget":1,"minecraft:cooked_beef":2,"minecraft:oak_log":1,"alexsmobs:animal_dictionary":1,"mmorpg:offhand/dodge/iron":1,"minecraft:ender_pearl":10,"minecraft:oak_planks":25,"mmorpg:skill_gems/aura/int":1,"minecraft:copper_ingot":8,"minecraft:coal":1,"mmorpg:weapon/staff/wood":1,"minecraft:filled_map":1,"minecraft:stone_button":4,"born_in_chaos_v1:fangofthe_hound_leader":1,"born_in_chaos_v1:corpse_maggot":4,"minecraft:oak_sapling":3,"tetra:modular_double":1,"minecraft:sand":7,"mmorpg:jewelry/ring/iron":1,"minecraft:bucket":1,"mmorpg:skill_gems/aura/str":3,"minecraft:bone":3},"minecraft:crafted":{"minecraft:oak_planks":40,"sophisticatedbackpacks:backpack":1,"minecraft:crafting_table":3,"minecraft:birch_planks":4,"minecraft:leather":2,"minecraft:stick":4,"minecraft:iron_ingot":2,"minecraft:chest":1,"minecraft:iron_shovel":1,"sophisticatedbackpacks:iron_backpack":1},"minecraft:mined":{"minecraft:crafting_table":1,"biomesoplenty:bush":1,"biomesoplenty:high_grass_plant":4,"minecraft:oak_log":11,"biomesoplenty:high_grass":3,"minecraft:gravel":4,"minecraft:sand":164,"minecraft:cobweb":4,"minecraft:oak_leaves":5},"minecraft:used":{"minecraft:iron_shovel":167,"minecraft:oak_planks":2,"minecraft:iron_sword":133,"minecraft:crafting_table":4,"minecraft:carrot":5,"minecraft:white_bed":1,"minecraft:bread":3,"minecraft:bow":8,"minecraft:cooked_beef":6},"minecraft:picked_up":{"born_in_chaos_v1:fused_bone":2,"minecraft:birch_log":4,"born_in_chaos_v1:corpse_maggot":8,"minecraft:crafting_table":1,"minecraft:iron_chestplate":8,"minecraft:wheat":1,"minecraft:cooked_beef":8,"aoa3:copper_coin":73,"born_in_chaos_v1:monster_flesh":13,"minecraft:salmon":1,"croptopia:nectarine":4,"mmorpg:skill_gems/aura/str":13,"mmorpg:jewelry/ring/iron":2,"aoa3:carved_rune_of_space":2,"minecraft:oak_log":11,"minecraft:chain":1,"minecraft:dirt":7,"minecraft:string":5,"born_in_chaos_v1:mesh_door":1,"born_in_chaos_v1:monster_skin":8,"minecraft:iron_leggings":4,"born_in_chaos_v1:intoxicating_decoction":2,"minecraft:bone":19,"minecraft:bow":4,"mmorpg:gems/tourmaline/0":1,"minecraft:bucket":2,"minecraft:iron_ingot":4,"aquaculture:atlantic_herring":1,"minecraft:iron_nugget":1,"minecraft:oak_planks":9,"minecraft:iron_pickaxe":1,"mmorpg:offhand/tome/iron":1,"minecraft:iron_sword":4,"minecraft:iron_boots":1,"mmorpg:skill_gems/support/str":2,"mmorpg:skill_gems/support/dex":2,"minecraft:stick":2,"croptopia:plum":3,"tetra:modular_double":2,"minecraft:copper_ingot":7,"born_in_chaos_v1:ethereal_spirit":1,"minecraft:gravel":3,"mmorpg:stat_soul":1,"minecraft:sand":135,"aoa3:scrap_metal":4,"minecraft:stone_button":5,"born_in_chaos_v1:fangofthe_hound_leader":2,"minecraft:white_bed":1,"mmorpg:weapon/staff/wood":7,"born_in_chaos_v1:pieceofdarkmetal":5,"mmorpg:skill_gems/support/int":1,"minecraft:spider_eye":1,"alexsmobs:animal_dictionary":1,"minecraft:arrow":2,"minecraft:slime_ball":1,"minecraft:rotten_flesh":34,"mmorpg:currency/affix_common_reroll":1,"minecraft:crossbow":1,"mmorpg:currency/level_up_orb":1,"minecraft:coal":1,"mmorpg:offhand/dodge/iron":2,"minecraft:oak_sapling":3,"mmorpg:chest/uncommon_gear":1,"minecraft:mutton":5,"mmorpg:skill_gems/aura/int":2,"minecraft:white_wool":3,"minecraft:ender_pearl":10}},"DataVersion":3465}