{"stats":{"minecraft:custom":{"minecraft:time_since_rest":22210,"minecraft:blood":0,"minecraft:magic_shield":0,"minecraft:sprint_one_cm":49132,"minecraft:damage_absorbed":486,"minecraft:damage_taken":700,"minecraft:walk_one_cm":59406,"minecraft:mob_kills":12,"minecraft:dexterity":11,"minecraft:intelligence":5,"minecraft:damage_dealt":1919,"minecraft:health":123,"minecraft:move_speed":0,"minecraft:swim_one_cm":4216,"minecraft:fly_one_cm":70953,"minecraft:crouch_one_cm":69,"minecraft:play_time":22210,"minecraft:sneak_time":45,"minecraft:walk_under_water_one_cm":1997,"minecraft:damage_dealt_resisted":240,"minecraft:jump":376,"minecraft:energy":170,"minecraft:leave_game":1,"minecraft:time_since_death":22210,"minecraft:walk_on_water_one_cm":6167,"minecraft:strength":8,"minecraft:total_world_time":22210,"minecraft:levels_gained":2,"minecraft:fall_one_cm":10285,"minecraft:mana":110},"minecraft:killed":{"minecraft:sheep":3,"minecraft:skeleton":2,"born_in_chaos_v1:dread_hound":1,"born_in_chaos_v1:restless_spirit":1,"born_in_chaos_v1:door_knight":1,"born_in_chaos_v1:siamese_skeletonsright":1,"born_in_chaos_v1:siamese_skeletonsleft":1,"born_in_chaos_v1:maggot":2},"minecraft:mined":{"minecraft:oak_log":6,"minecraft:oak_leaves":5},"minecraft:used":{"minecraft:iron_sword":52,"minecraft:cooked_beef":2},"minecraft:picked_up":{"born_in_chaos_v1:fused_bone":2,"minecraft:stick":2,"born_in_chaos_v1:corpse_maggot":2,"minecraft:cooked_beef":6,"aoa3:copper_coin":12,"born_in_chaos_v1:monster_flesh":1,"croptopia:plum":3,"croptopia:nectarine":4,"aoa3:carved_rune_of_space":1,"aoa3:scrap_metal":1,"minecraft:oak_log":5,"minecraft:chain":1,"mmorpg:weapon/staff/wood":4,"born_in_chaos_v1:pieceofdarkmetal":3,"minecraft:iron_leggings":1,"born_in_chaos_v1:monster_skin":1,"minecraft:arrow":2,"minecraft:bone":11,"minecraft:rotten_flesh":2,"minecraft:bow":3,"minecraft:bucket":1,"mmorpg:gems/tourmaline/0":1,"minecraft:oak_sapling":3,"minecraft:mutton":5,"minecraft:white_wool":3,"minecraft:iron_sword":4,"minecraft:birch_log":1}},"DataVersion":3465}