{"stats":{"minecraft:custom":{"minecraft:blood":0,"minecraft:mob_kills":94,"minecraft:dexterity":12,"minecraft:interact_with_crafting_table":7,"minecraft:open_barrel":12,"minecraft:damage_dealt_resisted":929,"minecraft:leave_game":2,"minecraft:time_since_death":153769,"minecraft:climb_one_cm":5886,"minecraft:mana":299,"minecraft:magic_shield":0,"minecraft:sprint_one_cm":314805,"minecraft:walk_one_cm":405033,"minecraft:drop":40,"minecraft:health":258,"minecraft:play_time":153769,"minecraft:sneak_time":1606,"minecraft:walk_under_water_one_cm":45960,"minecraft:jump":2111,"minecraft:energy":240,"minecraft:walk_on_water_one_cm":26366,"minecraft:total_world_time":153769,"minecraft:interact_with_furnace":1,"minecraft:intelligence":12,"minecraft:move_speed":0,"minecraft:sleep_in_bed":1,"minecraft:levels_gained":8,"minecraft:time_since_rest":75700,"minecraft:waystone_activated":1,"minecraft:damage_taken":2276,"minecraft:damage_absorbed":1126,"minecraft:damage_dealt":4799,"minecraft:swim_one_cm":35563,"minecraft:fly_one_cm":412426,"minecraft:open_chest":48,"minecraft:crouch_one_cm":844,"minecraft:strength":20,"minecraft:fall_one_cm":57816},"minecraft:killed":{"born_in_chaos_v1:zombie_clown":1,"born_in_chaos_v1:restless_spirit":2,"born_in_chaos_v1:zombie_lumberjack":4,"minecraft:spider":1,"alexsmobs:seagull":2,"born_in_chaos_v1:siamese_skeletonsright":1,"born_in_chaos_v1:zombie_bruiser":2,"born_in_chaos_v1:baby_skeleton_minion":1,"born_in_chaos_v1:maggot":6,"undead_revamp2:theswarmer":2,"born_in_chaos_v1:scarlet_persecutor":2,"minecraft:skeleton":5,"born_in_chaos_v1:dire_hound_leader":1,"minecraft:bee":1,"realmrpg_demons:chort":1,"minecraft:illusioner":1,"born_in_chaos_v1:corpse_fish":4,"undead_revamp2:therod":1,"minecraft:drowned":2,"undead_revamp2:thepregnant":1,"born_in_chaos_v1:spiritof_chaos":1,"born_in_chaos_v1:bonescaller":1,"minecraft:zombie_villager":1,"born_in_chaos_v1:baby_skeleton":3,"born_in_chaos_v1:swarmer":1,"undead_revamp2:the_moonflower":1,"minecraft:creeper":6,"born_in_chaos_v1:decrepit_skeleton":6,"minecraft:sheep":3,"born_in_chaos_v1:zombie_fisherman":1,"minecraft:zombie":9,"aoa3:goblin":1,"born_in_chaos_v1:dread_hound":5,"born_in_chaos_v1:corpse_fly":5,"born_in_chaos_v1:dark_vortex":1,"born_in_chaos_v1:door_knight":4,"born_in_chaos_v1:siamese_skeletonsleft":1},"minecraft:dropped":{"minecraft:iron_ingot":1,"minecraft:iron_sword":1,"minecraft:wheat_seeds":1,"minecraft:cooked_beef":2,"minecraft:oak_log":1,"mmorpg:offhand/dodge/iron":1,"minecraft:ender_pearl":10,"minecraft:feather":5,"mmorpg:skill_gems/aura/int":1,"minecraft:copper_ingot":8,"minecraft:coal":1,"mmorpg:weapon/staff/wood":1,"minecraft:stone_button":4,"minecraft:sand":7,"minecraft:bucket":1,"minecraft:bone":3,"minecraft:iron_nugget":1,"alexsmobs:animal_dictionary":1,"minecraft:oak_planks":25,"minecraft:filled_map":1,"biomesoplenty:fir_planks":2,"born_in_chaos_v1:fangofthe_hound_leader":1,"born_in_chaos_v1:corpse_maggot":4,"minecraft:oak_sapling":3,"minecraft:spruce_log":53,"tetra:modular_double":1,"mmorpg:jewelry/ring/iron":1,"mmorpg:skill_gems/aura/str":3},"minecraft:crafted":{"minecraft:oak_planks":40,"minecraft:leather":2,"minecraft:iron_axe":1,"minecraft:chest":1,"sophisticatedbackpacks:iron_backpack":1,"sophisticatedbackpacks:backpack":1,"minecraft:crafting_table":4,"minecraft:birch_planks":4,"biomesoplenty:fir_planks":8,"minecraft:stick":8,"minecraft:iron_ingot":2,"minecraft:iron_shovel":1},"minecraft:mined":{"biomesoplenty:bush":1,"minecraft:spruce_leaves":3,"minecraft:spruce_sapling":2,"minecraft:stripped_spruce_log":1,"biomesoplenty:high_grass":3,"minecraft:crafting_table":1,"biomesoplenty:high_grass_plant":4,"biomesoplenty:fir_log":2,"minecraft:grass":1,"minecraft:oak_log":12,"minecraft:gravel":4,"minecraft:sand":165,"minecraft:cobweb":4,"minecraft:oak_leaves":5},"minecraft:used":{"minecraft:iron_shovel":170,"minecraft:iron_sword":140,"minecraft:carrot":5,"minecraft:iron_axe":19,"minecraft:bow":8,"minecraft:cooked_beef":6,"minecraft:oak_planks":2,"minecraft:crafting_table":5,"minecraft:white_bed":1,"minecraft:bread":5},"minecraft:picked_up":{"minecraft:iron_chestplate":8,"minecraft:crafting_table":1,"minecraft:wheat":1,"aoa3:copper_coin":85,"mmorpg:skill_gems/aura/str":13,"mmorpg:jewelry/ring/iron":2,"aoa3:carved_rune_of_space":2,"minecraft:chain":1,"aoa3:carved_rune_of_direction":1,"minecraft:string":5,"born_in_chaos_v1:mesh_door":1,"minecraft:iron_leggings":4,"born_in_chaos_v1:intoxicating_decoction":2,"minecraft:bucket":2,"mmorpg:gems/tourmaline/0":1,"minecraft:iron_nugget":1,"minecraft:iron_pickaxe":1,"mmorpg:offhand/tome/iron":1,"minecraft:iron_boots":1,"mmorpg:skill_gems/support/dex":2,"minecraft:stick":8,"minecraft:copper_ingot":7,"mmorpg:currency/affix_tier_up_down":1,"mmorpg:jewelry/necklace/iron":2,"minecraft:stone_button":5,"born_in_chaos_v1:pieceofdarkmetal":7,"mmorpg:skill_gems/support/int":1,"minecraft:arrow":2,"minecraft:rotten_flesh":43,"mmorpg:currency/affix_common_reroll":1,"mmorpg:currency/level_up_orb":1,"minecraft:mutton":5,"minecraft:white_wool":3,"born_in_chaos_v1:fused_bone":2,"minecraft:birch_log":4,"born_in_chaos_v1:corpse_maggot":8,"minecraft:cooked_beef":8,"born_in_chaos_v1:monster_flesh":13,"croptopia:nectarine":4,"minecraft:salmon":1,"mmorpg:gems/azurite/0":1,"biomesoplenty:fir_log":2,"minecraft:oak_log":11,"minecraft:dirt":7,"born_in_chaos_v1:monster_skin":8,"minecraft:bone":19,"minecraft:bow":4,"minecraft:wheat_seeds":1,"minecraft:iron_ingot":4,"minecraft:iron_sword":5,"minecraft:oak_planks":9,"aquaculture:atlantic_herring":1,"mmorpg:skill_gems/support/str":2,"croptopia:plum":3,"tetra:modular_double":2,"born_in_chaos_v1:ethereal_spirit":1,"minecraft:gravel":3,"mmorpg:stat_soul":1,"minecraft:sand":135,"aoa3:scrap_metal":4,"minecraft:spruce_sapling":15,"mmorpg:weapon/staff/wood":7,"born_in_chaos_v1:fangofthe_hound_leader":2,"minecraft:white_bed":1,"minecraft:spruce_log":53,"minecraft:spider_eye":1,"alexsmobs:animal_dictionary":1,"minecraft:slime_ball":1,"minecraft:crossbow":1,"minecraft:oak_sapling":3,"mmorpg:skill_gems/aura/int":2,"mmorpg:chest/uncommon_gear":1,"mmorpg:offhand/dodge/iron":2,"minecraft:coal":1,"minecraft:ender_pearl":10}},"DataVersion":3465}