{"stats":{"minecraft:custom":{"minecraft:time_since_rest":10210,"minecraft:blood":0,"minecraft:magic_shield":0,"minecraft:sprint_one_cm":19643,"minecraft:damage_absorbed":112,"minecraft:damage_taken":547,"minecraft:walk_one_cm":23245,"minecraft:mob_kills":9,"minecraft:dexterity":2,"minecraft:intelligence":0,"minecraft:damage_dealt":1662,"minecraft:health":90,"minecraft:move_speed":0,"minecraft:swim_one_cm":4216,"minecraft:fly_one_cm":31447,"minecraft:crouch_one_cm":69,"minecraft:play_time":10210,"minecraft:sneak_time":45,"minecraft:walk_under_water_one_cm":259,"minecraft:damage_dealt_resisted":240,"minecraft:jump":209,"minecraft:energy":80,"minecraft:leave_game":1,"minecraft:time_since_death":10210,"minecraft:walk_on_water_one_cm":2472,"minecraft:strength":2,"minecraft:total_world_time":10210,"minecraft:levels_gained":2,"minecraft:fall_one_cm":5167,"minecraft:mana":60},"minecraft:killed":{"minecraft:skeleton":2,"born_in_chaos_v1:dread_hound":1,"born_in_chaos_v1:restless_spirit":1,"born_in_chaos_v1:door_knight":1,"born_in_chaos_v1:siamese_skeletonsright":1,"born_in_chaos_v1:siamese_skeletonsleft":1,"born_in_chaos_v1:maggot":2},"minecraft:mined":{"minecraft:oak_log":6,"minecraft:oak_leaves":5},"minecraft:used":{"minecraft:iron_sword":48},"minecraft:picked_up":{"born_in_chaos_v1:fused_bone":2,"minecraft:stick":2,"born_in_chaos_v1:corpse_maggot":2,"aoa3:copper_coin":12,"born_in_chaos_v1:monster_flesh":1,"aoa3:carved_rune_of_space":1,"aoa3:scrap_metal":1,"minecraft:oak_log":5,"minecraft:chain":1,"mmorpg:weapon/staff/wood":3,"born_in_chaos_v1:pieceofdarkmetal":3,"born_in_chaos_v1:monster_skin":1,"minecraft:arrow":2,"minecraft:bone":10,"minecraft:rotten_flesh":2,"minecraft:bow":3,"minecraft:bucket":1,"mmorpg:gems/tourmaline/0":1,"minecraft:oak_sapling":3,"minecraft:iron_sword":4}},"DataVersion":3465}