{"stats":{"minecraft:custom":{"minecraft:blood":0,"minecraft:interact_with_furnace":1,"minecraft:mob_kills":25,"minecraft:dexterity":11,"minecraft:intelligence":5,"minecraft:move_speed":0,"minecraft:interact_with_crafting_table":2,"minecraft:open_barrel":11,"minecraft:damage_dealt_resisted":240,"minecraft:leave_game":2,"minecraft:time_since_death":45769,"minecraft:climb_one_cm":2897,"minecraft:levels_gained":3,"minecraft:mana":125,"minecraft:time_since_rest":45769,"minecraft:magic_shield":3,"minecraft:sprint_one_cm":102973,"minecraft:walk_one_cm":182004,"minecraft:damage_taken":1018,"minecraft:damage_absorbed":687,"minecraft:drop":3,"minecraft:damage_dealt":2513,"minecraft:health":137,"minecraft:swim_one_cm":5560,"minecraft:fly_one_cm":105465,"minecraft:open_chest":17,"minecraft:crouch_one_cm":69,"minecraft:play_time":45769,"minecraft:sneak_time":54,"minecraft:walk_under_water_one_cm":2072,"minecraft:jump":621,"minecraft:energy":180,"minecraft:walk_on_water_one_cm":6326,"minecraft:strength":8,"minecraft:total_world_time":45769,"minecraft:fall_one_cm":19431},"minecraft:killed":{"born_in_chaos_v1:zombie_lumberjack":2,"minecraft:zombie_villager":1,"born_in_chaos_v1:restless_spirit":2,"born_in_chaos_v1:siamese_skeletonsright":1,"minecraft:creeper":2,"undead_revamp2:theswarmer":1,"born_in_chaos_v1:maggot":2,"minecraft:sheep":3,"minecraft:skeleton":2,"minecraft:zombie":2,"aoa3:goblin":1,"born_in_chaos_v1:dread_hound":2,"realmrpg_demons:chort":1,"born_in_chaos_v1:door_knight":1,"born_in_chaos_v1:siamese_skeletonsleft":1},"minecraft:dropped":{"minecraft:iron_ingot":1,"minecraft:oak_sapling":3,"tetra:modular_double":1},"minecraft:crafted":{"minecraft:oak_planks":20,"minecraft:crafting_table":1},"minecraft:mined":{"minecraft:oak_log":6,"minecraft:cobweb":4,"minecraft:oak_leaves":5},"minecraft:used":{"minecraft:iron_sword":80,"minecraft:crafting_table":1,"minecraft:bow":8,"minecraft:cooked_beef":2},"minecraft:picked_up":{"born_in_chaos_v1:fused_bone":2,"minecraft:birch_log":3,"born_in_chaos_v1:corpse_maggot":4,"minecraft:iron_chestplate":2,"minecraft:wheat":1,"minecraft:cooked_beef":6,"aoa3:copper_coin":25,"born_in_chaos_v1:monster_flesh":3,"croptopia:nectarine":4,"aoa3:carved_rune_of_space":2,"minecraft:oak_log":5,"minecraft:chain":1,"minecraft:string":4,"born_in_chaos_v1:monster_skin":2,"minecraft:iron_leggings":1,"minecraft:bone":11,"minecraft:bow":3,"mmorpg:gems/tourmaline/0":1,"minecraft:bucket":1,"minecraft:iron_ingot":1,"minecraft:iron_pickaxe":1,"mmorpg:offhand/tome/iron":1,"minecraft:iron_sword":4,"minecraft:stick":2,"croptopia:plum":3,"tetra:modular_double":2,"minecraft:copper_ingot":1,"aoa3:scrap_metal":2,"mmorpg:weapon/staff/wood":4,"born_in_chaos_v1:pieceofdarkmetal":3,"minecraft:spider_eye":1,"minecraft:arrow":2,"minecraft:rotten_flesh":9,"minecraft:oak_sapling":3,"minecraft:mutton":5,"minecraft:white_wool":3}},"DataVersion":3465}