{"stats":{"minecraft:custom":{"minecraft:blood":0,"minecraft:interact_with_furnace":1,"minecraft:mob_kills":45,"minecraft:dexterity":12,"minecraft:intelligence":5,"minecraft:move_speed":0,"minecraft:interact_with_crafting_table":3,"minecraft:open_barrel":12,"minecraft:damage_dealt_resisted":387,"minecraft:leave_game":2,"minecraft:time_since_death":63769,"minecraft:climb_one_cm":5886,"minecraft:levels_gained":5,"minecraft:mana":164,"minecraft:time_since_rest":63769,"minecraft:magic_shield":3,"minecraft:sprint_one_cm":126699,"minecraft:walk_one_cm":229868,"minecraft:damage_taken":1117,"minecraft:damage_absorbed":907,"minecraft:drop":26,"minecraft:damage_dealt":3515,"minecraft:health":188,"minecraft:swim_one_cm":5560,"minecraft:fly_one_cm":136344,"minecraft:open_chest":26,"minecraft:crouch_one_cm":147,"minecraft:play_time":63769,"minecraft:sneak_time":105,"minecraft:walk_under_water_one_cm":2072,"minecraft:jump":817,"minecraft:energy":210,"minecraft:walk_on_water_one_cm":6412,"minecraft:strength":13,"minecraft:total_world_time":63769,"minecraft:fall_one_cm":24939},"minecraft:killed":{"born_in_chaos_v1:spiritof_chaos":1,"born_in_chaos_v1:zombie_lumberjack":2,"minecraft:zombie_villager":1,"born_in_chaos_v1:restless_spirit":2,"born_in_chaos_v1:baby_skeleton":2,"minecraft:spider":1,"born_in_chaos_v1:siamese_skeletonsright":1,"minecraft:creeper":4,"born_in_chaos_v1:zombie_bruiser":1,"born_in_chaos_v1:scarlet_persecutor":2,"born_in_chaos_v1:decrepit_skeleton":4,"undead_revamp2:theswarmer":2,"born_in_chaos_v1:maggot":2,"minecraft:sheep":3,"minecraft:skeleton":3,"born_in_chaos_v1:dire_hound_leader":1,"minecraft:zombie":2,"aoa3:goblin":1,"minecraft:bee":1,"born_in_chaos_v1:dread_hound":5,"realmrpg_demons:chort":1,"born_in_chaos_v1:door_knight":1,"born_in_chaos_v1:siamese_skeletonsleft":1},"minecraft:dropped":{"minecraft:iron_ingot":1,"minecraft:cooked_beef":2,"alexsmobs:animal_dictionary":1,"mmorpg:offhand/dodge/iron":1,"minecraft:ender_pearl":10,"minecraft:oak_planks":25,"mmorpg:skill_gems/aura/int":1,"minecraft:copper_ingot":4,"mmorpg:weapon/staff/wood":1,"minecraft:stone_button":4,"born_in_chaos_v1:fangofthe_hound_leader":1,"minecraft:oak_sapling":3,"tetra:modular_double":1,"mmorpg:jewelry/ring/iron":1,"minecraft:bucket":1,"mmorpg:skill_gems/aura/str":3,"minecraft:bone":2},"minecraft:crafted":{"minecraft:oak_planks":40,"sophisticatedbackpacks:backpack":1,"minecraft:crafting_table":2,"minecraft:leather":2,"minecraft:chest":1},"minecraft:mined":{"biomesoplenty:bush":1,"minecraft:oak_log":11,"minecraft:cobweb":4,"minecraft:oak_leaves":5},"minecraft:used":{"minecraft:iron_sword":100,"minecraft:crafting_table":2,"minecraft:bow":8,"minecraft:cooked_beef":4},"minecraft:picked_up":{"born_in_chaos_v1:fused_bone":2,"minecraft:birch_log":3,"born_in_chaos_v1:corpse_maggot":4,"minecraft:iron_chestplate":2,"minecraft:wheat":1,"minecraft:cooked_beef":8,"aoa3:copper_coin":38,"born_in_chaos_v1:monster_flesh":13,"croptopia:nectarine":4,"mmorpg:skill_gems/aura/str":13,"mmorpg:jewelry/ring/iron":1,"aoa3:carved_rune_of_space":2,"minecraft:oak_log":10,"minecraft:chain":1,"minecraft:string":5,"born_in_chaos_v1:monster_skin":8,"minecraft:iron_leggings":2,"minecraft:bone":16,"minecraft:bow":3,"mmorpg:gems/tourmaline/0":1,"minecraft:bucket":2,"minecraft:iron_ingot":1,"minecraft:oak_planks":9,"minecraft:iron_pickaxe":1,"mmorpg:offhand/tome/iron":1,"minecraft:iron_sword":4,"minecraft:stick":2,"croptopia:plum":3,"tetra:modular_double":2,"minecraft:copper_ingot":5,"mmorpg:stat_soul":1,"aoa3:scrap_metal":4,"minecraft:stone_button":5,"born_in_chaos_v1:fangofthe_hound_leader":2,"mmorpg:weapon/staff/wood":7,"born_in_chaos_v1:pieceofdarkmetal":5,"minecraft:spider_eye":1,"alexsmobs:animal_dictionary":1,"minecraft:arrow":2,"minecraft:rotten_flesh":9,"mmorpg:currency/affix_common_reroll":1,"mmorpg:offhand/dodge/iron":1,"minecraft:oak_sapling":3,"mmorpg:chest/uncommon_gear":1,"minecraft:mutton":5,"mmorpg:skill_gems/aura/int":2,"minecraft:white_wool":3,"minecraft:ender_pearl":10}},"DataVersion":3465}