{"stats":{"minecraft:custom":{"minecraft:blood":0,"minecraft:damage_absorbed":687,"minecraft:sprint_one_cm":69504,"minecraft:damage_taken":908,"minecraft:walk_one_cm":122126,"minecraft:mob_kills":21,"minecraft:drop":2,"minecraft:dexterity":11,"minecraft:intelligence":5,"minecraft:damage_dealt":2513,"minecraft:health":133,"minecraft:move_speed":0,"minecraft:swim_one_cm":4216,"minecraft:fly_one_cm":76212,"minecraft:open_barrel":11,"minecraft:open_chest":10,"minecraft:crouch_one_cm":69,"minecraft:play_time":33769,"minecraft:sneak_time":54,"minecraft:walk_under_water_one_cm":1997,"minecraft:jump":452,"minecraft:damage_dealt_resisted":240,"minecraft:energy":180,"minecraft:leave_game":2,"minecraft:time_since_death":33769,"minecraft:walk_on_water_one_cm":6167,"minecraft:strength":8,"minecraft:total_world_time":33769,"minecraft:mana":120,"minecraft:levels_gained":3,"minecraft:fall_one_cm":12327,"minecraft:time_since_rest":33769,"minecraft:magic_shield":0},"minecraft:killed":{"minecraft:sheep":3,"minecraft:skeleton":2,"minecraft:zombie":1,"born_in_chaos_v1:dread_hound":2,"born_in_chaos_v1:restless_spirit":2,"born_in_chaos_v1:zombie_lumberjack":2,"born_in_chaos_v1:door_knight":1,"minecraft:creeper":2,"born_in_chaos_v1:siamese_skeletonsright":1,"born_in_chaos_v1:siamese_skeletonsleft":1,"undead_revamp2:theswarmer":1,"born_in_chaos_v1:maggot":2},"minecraft:dropped":{"minecraft:oak_sapling":3,"tetra:modular_double":1},"minecraft:mined":{"minecraft:oak_log":6,"minecraft:oak_leaves":5},"minecraft:used":{"minecraft:iron_sword":76,"minecraft:bow":8,"minecraft:cooked_beef":2},"minecraft:picked_up":{"born_in_chaos_v1:fused_bone":2,"minecraft:birch_log":3,"minecraft:iron_chestplate":2,"born_in_chaos_v1:corpse_maggot":4,"minecraft:stick":2,"minecraft:cooked_beef":6,"aoa3:copper_coin":24,"born_in_chaos_v1:monster_flesh":3,"croptopia:plum":3,"croptopia:nectarine":4,"tetra:modular_double":2,"minecraft:copper_ingot":1,"aoa3:carved_rune_of_space":1,"aoa3:scrap_metal":2,"minecraft:oak_log":5,"minecraft:chain":1,"mmorpg:weapon/staff/wood":4,"born_in_chaos_v1:pieceofdarkmetal":3,"minecraft:spider_eye":1,"minecraft:iron_leggings":1,"born_in_chaos_v1:monster_skin":2,"minecraft:bone":11,"minecraft:arrow":2,"minecraft:rotten_flesh":7,"minecraft:bow":3,"minecraft:bucket":1,"mmorpg:gems/tourmaline/0":1,"minecraft:iron_ingot":1,"minecraft:oak_sapling":3,"minecraft:mutton":5,"minecraft:iron_sword":4,"minecraft:white_wool":3}},"DataVersion":3465}