{"stats":{"minecraft:picked_up":{"minecraft:sand":3},"minecraft:custom":{"minecraft:jump":102,"minecraft:time_since_rest":5586,"minecraft:damage_dealt":10,"minecraft:crouch_one_cm":81,"minecraft:sprint_one_cm":12413,"minecraft:play_time":5586,"minecraft:damage_taken":20,"minecraft:time_since_death":5586,"minecraft:walk_one_cm":5005,"minecraft:sneak_time":56,"minecraft:total_world_time":5586,"minecraft:fall_one_cm":5107,"minecraft:fly_one_cm":23432},"minecraft:mined":{"minecraft:sand":3},"minecraft:used":{"minecraft:sand":3}},"DataVersion":3465}