{"stats":{"minecraft:crafted":{"minecraft:cut_sandstone_slab":6,"mythicmetals:banglum_boots":1,"minecraft:crafting_table":2,"mythicmetals:quadrillum_ingot":18,"minecraft:wooden_pickaxe":1,"mythicmetals:copper_boots":1,"minecraft:iron_helmet":1,"mythicmetals:prometheum_ingot":11,"simplyswords:mythicmetals_compat/quadrillum/quadrillum_longsword":1,"minecraft:stone_button":2,"minecraft:furnace":2,"minecraft:copper_ingot":29,"minecraft:stone":2,"minecraft:stone_axe":1,"minecraft:bread":59,"minecraft:cooked_mutton":5,"minecraft:air":0,"minecraft:jungle_planks":68,"scout:pouch":1,"minecraft:iron_chestplate":1,"mythicmetals:banglum_ingot":5,"minecraft:stick":8,"minecraft:iron_ingot":32,"minecraft:wooden_axe":1,"minecraft:iron_pickaxe":1,"mythicmetals:copper_sword":1,"mythicmetals:prometheum_pickaxe":1,"minecraft:stone_sword":1,"mythicmetals:copper_helmet":1,"minecraft:iron_leggings":1,"minecraft:white_bed":1,"mythicmetals:copper_leggings":1,"minecraft:torch":4,"mythicmetals:copper_chestplate":1,"mythicmetals:prometheum_chestplate":1,"minecraft:wheat":171},"minecraft:killed":{"minecraft:cave_spider":2,"minecraft:sheep":3,"minecraft:skeleton":1,"minecraft:zombie":2,"minecraft:cow":4},"minecraft:picked_up":{"minecraft:crafting_table":9,"minecraft:jungle_log":17,"minecraft:leather":5,"mythicmetals:raw_banglum":5,"minecraft:cut_sandstone":11,"mythicmetals:raw_prometheum":11,"minecraft:oak_log":6,"mythicmetals:raw_kyber":1,"mythicmetals:raw_platinum":3,"minecraft:string":2,"minecraft:raw_copper":83,"minecraft:orange_terracotta":1,"minecraft:apple":1,"minecraft:melon_slice":65,"minecraft:sugar_cane":13,"mythicmetals:raw_silver":2,"minecraft:furnace":6,"minecraft:raw_iron":32,"minecraft:stick":10,"minecraft:sandstone":23,"minecraft:torch":2,"minecraft:sand":3,"mythicmetals:raw_quadrillum":18,"minecraft:white_bed":2,"mythicmetals:morkite":1,"minecraft:chiseled_sandstone":1,"minecraft:spider_eye":1,"minecraft:stone_pressure_plate":1,"minecraft:tnt":9,"minecraft:rotten_flesh":10,"mythicmetals:raw_manganese":26,"mythicmetals:copper_helmet":1,"minecraft:hay_block":19,"minecraft:granite":4,"mythicmetals:copper_leggings":1,"minecraft:oak_sapling":1,"minecraft:mutton":5,"mythicmetals:copper_chestplate":1,"minecraft:coal":137,"minecraft:white_wool":3,"minecraft:cobblestone":44},"minecraft:dropped":{"minecraft:glass_bottle":1,"minecraft:stone_sword":1,"mythicmetals:copper_boots":1,"mythicmetals:raw_silver":2,"mythicmetals:morkite":1,"mythicmetals:copper_leggings":2,"minecraft:iron_chestplate":1,"mythicmetals:banglum_ingot":1,"minecraft:oak_sapling":1,"mythicmetals:copper_sword":1,"mythicmetals:copper_chestplate":2,"mythicmetals:copper_helmet":2},"minecraft:custom":{"minecraft:interact_with_furnace":48,"minecraft:mob_kills":12,"minecraft:interact_with_crafting_table":33,"minecraft:damage_dealt_resisted":504,"minecraft:leave_game":1,"minecraft:time_since_death":72804,"minecraft:sleep_in_bed":2,"minecraft:climb_one_cm":705,"minecraft:time_since_rest":210,"minecraft:sprint_one_cm":112831,"minecraft:damage_taken":368,"minecraft:walk_one_cm":69371,"minecraft:drop":16,"minecraft:damage_dealt":2246,"minecraft:swim_one_cm":34643,"minecraft:fly_one_cm":192378,"minecraft:open_chest":9,"minecraft:crouch_one_cm":6184,"minecraft:play_time":72804,"minecraft:sneak_time":2941,"minecraft:walk_under_water_one_cm":9403,"minecraft:jump":1039,"minecraft:walk_on_water_one_cm":16998,"minecraft:total_world_time":72804,"minecraft:fall_one_cm":28429},"minecraft:mined":{"minecraft:cut_sandstone":11,"minecraft:stone_pressure_plate":1,"mythicmetals:platinum_ore":2,"minecraft:white_bed":2,"minecraft:jungle_leaves":1,"minecraft:orange_terracotta":1,"minecraft:crafting_table":9,"minecraft:torch":1,"minecraft:granite":4,"mythicmetals:silver_ore":1,"minecraft:melon":14,"minecraft:dead_bush":10,"minecraft:jungle_log":17,"expores:experience_ore":6,"minecraft:copper_ore":20,"minecraft:sugar_cane":6,"minecraft:sandstone":23,"minecraft:wall_torch":1,"minecraft:hay_block":19,"mythicmetals:quadrillum_ore":12,"minecraft:furnace":6,"mythicmetals:kyber_ore":1,"minecraft:iron_ore":32,"minecraft:chiseled_sandstone":1,"mythicmetals:manganese_ore":18,"minecraft:tnt":9,"minecraft:grass":4,"minecraft:oak_log":6,"minecraft:coal_ore":109,"minecraft:vine":2,"minecraft:sand":3,"mythicmetals:morkite_ore":1,"mythicmetals:prometheum_ore":6,"minecraft:stone":44,"mythicmetals:banglum_ore":4},"minecraft:broken":{"minecraft:iron_pickaxe":1,"minecraft:wooden_axe":1},"minecraft:used":{"minecraft:cooked_mutton":2,"minecraft:stone_sword":20,"mythicupgrades:topaz_potion":2,"minecraft:wooden_pickaxe":52,"minecraft:sandstone":23,"minecraft:cut_sandstone":8,"simplyswords:mythicmetals_compat/quadrillum/quadrillum_longsword":12,"minecraft:rotten_flesh":10,"minecraft:torch":2,"mythicmetals:prometheum_pickaxe":10,"minecraft:sand":3,"minecraft:cut_sandstone_slab":6,"minecraft:crafting_table":10,"minecraft:jungle_planks":4,"minecraft:white_bed":3,"mythicmetals:copper_helmet":1,"minecraft:granite":4,"minecraft:wooden_axe":40,"minecraft:chiseled_sandstone":1,"minecraft:melon_slice":39,"minecraft:iron_pickaxe":251,"mythicmetals:copper_chestplate":1,"minecraft:stone_axe":43,"minecraft:furnace":6,"minecraft:orange_terracotta":1}},"DataVersion":3465}