{"stats":{"minecraft:broken":{"minecraft:iron_shovel":2,"minecraft:stone_pickaxe":1,"minecraft:stone_axe":1},"minecraft:custom":{"minecraft:blood":0,"minecraft:mob_kills":86,"minecraft:dexterity":2,"minecraft:interact_with_crafting_table":27,"minecraft:damage_dealt_resisted":502,"minecraft:leave_game":2,"minecraft:time_since_death":135075,"minecraft:mana":140,"minecraft:magic_shield":3,"minecraft:sprint_one_cm":282645,"minecraft:walk_one_cm":261239,"minecraft:drop":29,"minecraft:health":140,"minecraft:play_time":135075,"minecraft:sneak_time":5950,"minecraft:walk_under_water_one_cm":6766,"minecraft:jump":2009,"minecraft:energy":120,"minecraft:walk_on_water_one_cm":18033,"minecraft:total_world_time":135075,"minecraft:interact_with_furnace":70,"minecraft:intelligence":4,"minecraft:move_speed":0,"minecraft:sleep_in_bed":4,"minecraft:levels_gained":6,"minecraft:time_since_rest":36049,"minecraft:damage_taken":1566,"minecraft:damage_absorbed":259,"minecraft:damage_dealt":6580,"minecraft:swim_one_cm":35715,"minecraft:fly_one_cm":401684,"minecraft:open_chest":38,"minecraft:crouch_one_cm":22859,"minecraft:strength":4,"minecraft:fall_one_cm":44794},"minecraft:killed":{"irons_spellbooks:summoned_zombie":3,"born_in_chaos_v1:restless_spirit":1,"aoa3:charger":1,"minecraft:spider":2,"alexsmobs:seagull":4,"born_in_chaos_v1:maggot":5,"minecraft:skeleton":6,"minecraft:horse":2,"realmrpg_demons:chort":1,"born_in_chaos_v1:skeleton_thrasher":1,"undead_revamp2:thebidy":2,"undead_revamp2:thepregnant":1,"minecraft:pig":7,"born_in_chaos_v1:baby_skeleton":5,"undead_revamp2:the_moonflower":1,"irons_spellbooks:necromancer":1,"undead_revamp2:thebeartamer":1,"minecraft:creeper":4,"born_in_chaos_v1:decrepit_skeleton":2,"minecraft:sheep":7,"cataclysm:deepling_brute":1,"minecraft:zombie":11,"aoa3:goblin":1,"born_in_chaos_v1:corpse_fly":5,"born_in_chaos_v1:door_knight":1,"minecraft:cow":8},"minecraft:dropped":{"minecraft:iron_sword":2,"minecraft:cooked_beef":9,"aoa3:scrap_metal":3,"minecraft:crafting_table":1,"minecraft:iron_helmet":3,"mmorpg:weapon/staff/wood":1,"aoa3:tea_seeds":1,"minecraft:iron_nugget":1,"minecraft:wheat":1,"born_in_chaos_v1:ethereal_spirit":2,"minecraft:rotten_flesh":10,"born_in_chaos_v1:corpse_maggot":5,"minecraft:oak_sapling":32,"minecraft:bow":1,"minecraft:wooden_pickaxe":1},"minecraft:crafted":{"minecraft:oak_planks":164,"minecraft:furnace":4,"minecraft:cooked_mutton":10,"minecraft:glass":86,"minecraft:iron_axe":1,"minecraft:stone_pickaxe":1,"minecraft:chest":3,"sophisticatedbackpacks:iron_backpack":1,"minecraft:cooked_beef":17,"paraglider:paraglider":1,"sophisticatedbackpacks:backpack":1,"minecraft:cooked_porkchop":17,"minecraft:crafting_table":4,"minecraft:wooden_pickaxe":1,"minecraft:copper_ingot":15,"sophisticatedbackpacks:gold_backpack":1,"minecraft:stone_axe":1,"minecraft:air":0,"minecraft:iron_chestplate":1,"minecraft:stick":16,"minecraft:iron_ingot":45,"minecraft:iron_pickaxe":1,"minecraft:gold_ingot":8,"minecraft:iron_shovel":3,"minecraft:iron_leggings":1,"minecraft:white_bed":1,"minecraft:torch":52},"minecraft:used":{"minecraft:iron_shovel":550,"minecraft:chest":2,"aoa3:carved_rune_of_space":2,"minecraft:iron_sword":146,"minecraft:rotten_flesh":2,"minecraft:torch":12,"minecraft:dirt":28,"aoa3:carved_rune_of_travel":3,"minecraft:iron_axe":40,"minecraft:bow":2,"minecraft:oak_sapling":1,"minecraft:furnace":13,"minecraft:iron_leggings":1,"upgrade_aquatic:mulberry":12,"minecraft:stone_pickaxe":132,"minecraft:oak_planks":1,"minecraft:wooden_pickaxe":11,"minecraft:sandstone":1,"minecraft:sugar_cane":19,"minecraft:sand":388,"minecraft:crafting_table":8,"minecraft:white_bed":3,"minecraft:oak_log":37,"minecraft:apple":4,"minecraft:iron_pickaxe":113,"minecraft:stone_axe":49,"minecraft:cobblestone":9,"minecraft:cooked_porkchop":7,"minecraft:birch_log":2,"minecraft:andesite":6},"minecraft:mined":{"minecraft:white_bed":2,"minecraft:oak_sapling":3,"minecraft:grass_block":43,"farmersdelight:wild_cabbages":13,"minecraft:sandstone":1,"minecraft:furnace":13,"minecraft:iron_ore":50,"minecraft:andesite":5,"minecraft:dirt_path":10,"minecraft:stone":68,"minecraft:crafting_table":6,"minecraft:torch":5,"minecraft:copper_ore":11,"minecraft:lapis_ore":8,"minecraft:sugar_cane":12,"minecraft:wall_torch":2,"farmersdelight:sandy_shrub":8,"minecraft:birch_log":2,"minecraft:grass":25,"minecraft:oak_log":41,"minecraft:coal_ore":91,"minecraft:sand":459,"minecraft:dirt":13,"minecraft:cobweb":3,"minecraft:gold_ore":8,"minecraft:oak_leaves":16},"minecraft:picked_up":{"minecraft:crafting_table":7,"minecraft:wheat":1,"aoa3:copper_coin":40,"aoa3:carved_rune_of_space":2,"aoa3:golden_upgrade_kit":1,"minecraft:string":7,"minecraft:raw_copper":46,"farmersdelight:cabbage":3,"minecraft:beef":17,"minecraft:iron_nugget":1,"mmorpg:offhand/tome/iron":1,"minecraft:sugar_cane":22,"upgrade_aquatic:mulberry":8,"minecraft:birch_sapling":1,"farmersdelight:cabbage_seeds":14,"minecraft:iron_boots":2,"minecraft:furnace":13,"minecraft:stick":27,"mmorpg:material/mining/0":3,"minecraft:raw_iron":50,"minecraft:sandstone":1,"minecraft:copper_ingot":2,"minecraft:torch":7,"minecraft:porkchop":17,"aoa3:carved_rune_of_travel":3,"minecraft:arrow":2,"minecraft:rotten_flesh":20,"minecraft:mutton":10,"minecraft:white_wool":7,"minecraft:cobblestone":66,"minecraft:birch_log":15,"born_in_chaos_v1:corpse_maggot":6,"minecraft:andesite":6,"minecraft:leather":10,"minecraft:oak_log":161,"minecraft:gunpowder":5,"minecraft:lapis_lazuli":32,"minecraft:dirt":66,"minecraft:bone":20,"minecraft:apple":5,"minecraft:bow":1,"minecraft:wheat_seeds":2,"minecraft:raw_gold":8,"minecraft:iron_ingot":7,"aoa3:tea_seeds":1,"minecraft:iron_sword":2,"born_in_chaos_v1:ethereal_spirit":2,"minecraft:sand":474,"mmorpg:rare_mats/mining/medium":3,"aoa3:scrap_metal":4,"mmorpg:weapon/staff/wood":3,"minecraft:white_bed":2,"mmorpg:rare_mats/mining/greater":1,"minecraft:iron_helmet":5,"minecraft:oak_sapling":36,"minecraft:coal":216,"mmorpg:offhand/dodge/iron":1}},"DataVersion":3465}