{"stats":{"minecraft:crafted":{"minecraft:cut_sandstone_slab":6,"minecraft:crafting_table":1,"minecraft:wooden_pickaxe":1,"minecraft:wooden_axe":1,"minecraft:jungle_planks":68},"minecraft:killed":{"minecraft:skeleton":1,"minecraft:cave_spider":1,"minecraft:zombie":2},"minecraft:picked_up":{"minecraft:stick":10,"minecraft:crafting_table":1,"minecraft:sandstone":21,"minecraft:jungle_log":17,"minecraft:cut_sandstone":11,"minecraft:sand":3,"minecraft:chiseled_sandstone":1,"minecraft:stone_pressure_plate":1,"minecraft:tnt":9,"minecraft:orange_terracotta":1,"minecraft:rotten_flesh":3,"minecraft:melon_slice":18,"minecraft:sugar_cane":9,"minecraft:cobblestone":3},"minecraft:custom":{"minecraft:time_since_rest":17586,"minecraft:sprint_one_cm":38766,"minecraft:damage_taken":275,"minecraft:walk_one_cm":17256,"minecraft:mob_kills":4,"minecraft:damage_dealt":993,"minecraft:interact_with_crafting_table":2,"minecraft:swim_one_cm":12022,"minecraft:fly_one_cm":65642,"minecraft:open_chest":5,"minecraft:crouch_one_cm":2916,"minecraft:play_time":17586,"minecraft:sneak_time":1620,"minecraft:walk_under_water_one_cm":358,"minecraft:damage_dealt_resisted":84,"minecraft:jump":303,"minecraft:walk_on_water_one_cm":955,"minecraft:time_since_death":17586,"minecraft:total_world_time":17586,"minecraft:climb_one_cm":463,"minecraft:fall_one_cm":10750},"minecraft:mined":{"minecraft:cut_sandstone":11,"minecraft:stone_pressure_plate":1,"minecraft:chiseled_sandstone":1,"minecraft:orange_terracotta":1,"minecraft:tnt":9,"minecraft:crafting_table":1,"minecraft:grass":2,"minecraft:melon":4,"minecraft:vine":2,"minecraft:jungle_log":17,"minecraft:dead_bush":10,"minecraft:sand":3,"minecraft:stone":3,"minecraft:sugar_cane":5,"minecraft:sandstone":21},"minecraft:broken":{"minecraft:wooden_axe":1},"minecraft:used":{"minecraft:wooden_axe":40,"minecraft:melon_slice":18,"mythicupgrades:topaz_potion":2,"minecraft:wooden_pickaxe":47,"minecraft:sandstone":16,"minecraft:cut_sandstone":4,"minecraft:sand":3,"minecraft:cut_sandstone_slab":1,"minecraft:crafting_table":2,"minecraft:orange_terracotta":1}},"DataVersion":3465}