{"stats":{"minecraft:crafted":{"minecraft:cut_sandstone_slab":6,"minecraft:crafting_table":2,"minecraft:iron_pickaxe":1,"minecraft:wooden_pickaxe":1,"minecraft:wooden_axe":1,"minecraft:stone_sword":1,"minecraft:copper_ingot":9,"minecraft:furnace":1,"minecraft:torch":4,"minecraft:stone_axe":1,"mythicmetals:copper_chestplate":1,"minecraft:air":0,"minecraft:jungle_planks":68},"minecraft:killed":{"minecraft:skeleton":1,"minecraft:cave_spider":2,"minecraft:zombie":2},"minecraft:picked_up":{"minecraft:stick":10,"minecraft:crafting_table":2,"minecraft:sandstone":23,"minecraft:jungle_log":17,"minecraft:cut_sandstone":11,"minecraft:sand":3,"minecraft:raw_copper":34,"minecraft:spider_eye":1,"minecraft:chiseled_sandstone":1,"minecraft:string":2,"minecraft:stone_pressure_plate":1,"minecraft:tnt":9,"minecraft:orange_terracotta":1,"minecraft:rotten_flesh":10,"minecraft:melon_slice":65,"minecraft:sugar_cane":9,"minecraft:coal":14,"minecraft:cobblestone":22},"minecraft:custom":{"minecraft:time_since_rest":29586,"minecraft:interact_with_furnace":6,"minecraft:sprint_one_cm":46728,"minecraft:damage_taken":275,"minecraft:walk_one_cm":25083,"minecraft:mob_kills":5,"minecraft:damage_dealt":1604,"minecraft:interact_with_crafting_table":8,"minecraft:swim_one_cm":22446,"minecraft:fly_one_cm":80213,"minecraft:open_chest":6,"minecraft:crouch_one_cm":3668,"minecraft:play_time":29586,"minecraft:sneak_time":2003,"minecraft:walk_under_water_one_cm":4938,"minecraft:damage_dealt_resisted":504,"minecraft:jump":441,"minecraft:walk_on_water_one_cm":4372,"minecraft:time_since_death":29586,"minecraft:total_world_time":29586,"minecraft:climb_one_cm":475,"minecraft:fall_one_cm":13854},"minecraft:mined":{"minecraft:cut_sandstone":11,"minecraft:stone_pressure_plate":1,"minecraft:chiseled_sandstone":1,"minecraft:orange_terracotta":1,"minecraft:tnt":9,"minecraft:crafting_table":2,"minecraft:grass":3,"minecraft:coal_ore":16,"minecraft:melon":14,"minecraft:vine":2,"minecraft:jungle_log":17,"minecraft:dead_bush":10,"minecraft:sand":3,"minecraft:copper_ore":8,"minecraft:stone":22,"minecraft:sugar_cane":5,"minecraft:sandstone":23},"minecraft:broken":{"minecraft:wooden_axe":1},"minecraft:used":{"minecraft:wooden_axe":40,"minecraft:stone_sword":20,"minecraft:chiseled_sandstone":1,"minecraft:iron_pickaxe":40,"minecraft:melon_slice":29,"mythicupgrades:topaz_potion":2,"mythicmetals:copper_chestplate":1,"minecraft:wooden_pickaxe":52,"minecraft:sandstone":23,"minecraft:cut_sandstone":8,"minecraft:rotten_flesh":10,"minecraft:stone_axe":29,"minecraft:sand":3,"minecraft:cut_sandstone_slab":1,"minecraft:crafting_table":4,"minecraft:furnace":1,"minecraft:orange_terracotta":1}},"DataVersion":3465}