{"stats":{"minecraft:broken":{"minecraft:iron_shovel":2,"minecraft:stone_pickaxe":1,"minecraft:stone_axe":1},"minecraft:custom":{"minecraft:blood":0,"minecraft:mob_kills":157,"minecraft:dexterity":12,"minecraft:interact_with_crafting_table":49,"minecraft:open_barrel":8,"minecraft:damage_dealt_resisted":970,"minecraft:leave_game":3,"minecraft:time_since_death":325422,"minecraft:climb_one_cm":2338,"minecraft:mana":258,"minecraft:magic_shield":3,"minecraft:sprint_one_cm":887446,"minecraft:walk_one_cm":714781,"minecraft:drop":65,"minecraft:health":240,"minecraft:talked_to_villager":7,"minecraft:play_time":325422,"minecraft:sneak_time":13422,"minecraft:walk_under_water_one_cm":15643,"minecraft:jump":5649,"minecraft:energy":271,"minecraft:walk_on_water_one_cm":32010,"minecraft:total_world_time":325422,"minecraft:interact_with_furnace":114,"minecraft:intelligence":13,"minecraft:move_speed":0,"minecraft:sleep_in_bed":6,"minecraft:levels_gained":9,"minecraft:time_since_rest":110327,"minecraft:damage_taken":2878,"minecraft:damage_absorbed":605,"minecraft:damage_dealt":9315,"minecraft:swim_one_cm":75334,"minecraft:fly_one_cm":1203230,"minecraft:open_chest":129,"minecraft:crouch_one_cm":45762,"minecraft:strength":18,"minecraft:fall_one_cm":151556},"minecraft:killed":{"irons_spellbooks:summoned_zombie":3,"born_in_chaos_v1:zombie_lumberjack":1,"born_in_chaos_v1:restless_spirit":5,"alexsmobs:raccoon":1,"aoa3:charger":1,"minecraft:spider":4,"undead_revamp2:bomber":1,"born_in_chaos_v1:baby_skeleton_minion":2,"alexsmobs:seagull":4,"born_in_chaos_v1:zombie_bruiser":1,"born_in_chaos_v1:maggot":7,"minecraft:skeleton":9,"minecraft:horse":2,"realmrpg_demons:chort":2,"born_in_chaos_v1:skeleton_thrasher":2,"undead_revamp2:thebidy":5,"minecraft:drowned":1,"born_in_chaos_v1:corpse_fish":1,"undead_revamp2:thepregnant":1,"born_in_chaos_v1:bonescaller":1,"minecraft:pig":8,"born_in_chaos_v1:baby_skeleton":5,"undead_revamp2:the_moonflower":15,"irons_spellbooks:necromancer":1,"undead_revamp2:thebeartamer":1,"minecraft:creeper":12,"born_in_chaos_v1:decrepit_skeleton":6,"minecraft:sheep":7,"minecraft:pillager":3,"born_in_chaos_v1:zombie_fisherman":1,"cataclysm:deepling_brute":1,"minecraft:zombie":16,"aoa3:goblin":1,"born_in_chaos_v1:dread_hound":1,"born_in_chaos_v1:corpse_fly":6,"born_in_chaos_v1:dark_vortex":1,"born_in_chaos_v1:nightmare_stalker":2,"born_in_chaos_v1:door_knight":3,"born_in_chaos_v1:decaying_zombie_not_despawn":1,"minecraft:cow":10},"minecraft:dropped":{"minecraft:bread":21,"minecraft:iron_sword":2,"minecraft:cooked_beef":15,"aoa3:scrap_metal":3,"minecraft:crafting_table":1,"minecraft:iron_helmet":3,"mmorpg:weapon/staff/wood":1,"aoa3:tea_seeds":1,"minecraft:iron_leggings":1,"minecraft:bone":1,"minecraft:gravel":1,"minecraft:iron_nugget":1,"minecraft:wheat":1,"born_in_chaos_v1:rotten_fish":1,"born_in_chaos_v1:ethereal_spirit":2,"minecraft:rotten_flesh":18,"minecraft:cooked_mutton":10,"minecraft:white_bed":1,"tetra:modular_sword":1,"born_in_chaos_v1:corpse_maggot":5,"minecraft:oak_sapling":32,"tetra:modular_double":3,"minecraft:bow":1,"minecraft:wooden_pickaxe":1},"minecraft:crafted":{"artifacts:eternal_steak":1,"minecraft:wooden_sword":1,"minecraft:oak_planks":208,"minecraft:coal":18,"connectedglass:clear_glass":132,"minecraft:furnace":4,"upgrade_aquatic:glass_door":3,"connectedglass:borderless_glass":220,"minecraft:cooked_mutton":10,"minecraft:glass":234,"minecraft:spruce_stairs":4,"minecraft:iron_axe":1,"minecraft:stone_pickaxe":1,"minecraft:chest":4,"tetra:modular_double":5,"sophisticatedbackpacks:iron_backpack":1,"minecraft:cooked_beef":17,"paraglider:paraglider":1,"ironchest:wood_to_iron_chest_upgrade":1,"sophisticatedbackpacks:backpack":1,"minecraft:cooked_porkchop":17,"minecraft:crafting_table":5,"minecraft:spruce_planks":12,"minecraft:wooden_pickaxe":1,"minecraft:spruce_door":3,"minecraft:copper_ingot":15,"sophisticatedbackpacks:gold_backpack":1,"minecraft:stone_axe":1,"minecraft:air":0,"ironchest:iron_to_gold_chest_upgrade":1,"minecraft:iron_chestplate":1,"minecraft:stick":28,"minecraft:iron_ingot":54,"minecraft:iron_pickaxe":1,"minecraft:oak_stairs":4,"minecraft:gold_ingot":17,"minecraft:iron_shovel":3,"minecraft:iron_leggings":1,"minecraft:white_bed":1,"minecraft:torch":80},"minecraft:mined":{"minecraft:white_bed":4,"minecraft:oak_sapling":3,"connectedglass:borderless_glass":87,"epicpaladins:cryorium_ore":7,"biomesoplenty:bush":3,"minecraft:stone_brick_wall":1,"minecraft:grass_block":43,"minecraft:coal_block":35,"farmersdelight:wild_cabbages":13,"morevillagers:woodworking_table":1,"minecraft:spawner":2,"minecraft:sandstone":1,"minecraft:hay_block":25,"minecraft:furnace":25,"minecraft:iron_ore":55,"minecraft:andesite":5,"minecraft:gold_block":1,"minecraft:bookshelf":19,"minecraft:dirt_path":10,"minecraft:iron_bars":5,"minecraft:lantern":8,"minecraft:stripped_oak_log":32,"minecraft:iron_block":1,"minecraft:stone":94,"minecraft:smithing_table":3,"minecraft:spruce_door":1,"minecraft:crafting_table":8,"minecraft:torch":13,"minecraft:lectern":1,"minecraft:cobblestone":2,"minecraft:copper_ore":11,"minecraft:lapis_ore":10,"minecraft:oak_planks":6,"minecraft:sugar_cane":32,"minecraft:wall_torch":6,"aoa3:limonite_ore":18,"minecraft:spruce_stairs":1,"farmersdelight:sandy_shrub":8,"tetra:basic_workbench":1,"minecraft:birch_log":2,"minecraft:spruce_log":3,"minecraft:white_wall_banner":1,"minecraft:grass":26,"minecraft:oak_log":153,"minecraft:coal_ore":126,"minecraft:gravel":2,"minecraft:sand":630,"minecraft:dirt":13,"minecraft:cobweb":28,"minecraft:gold_ore":8,"minecraft:oak_leaves":28,"paraglider:goddess_statue":2},"minecraft:used":{"ironchest:wood_to_iron_chest_upgrade":1,"minecraft:iron_bars":5,"minecraft:iron_shovel":721,"minecraft:armor_stand":8,"minecraft:chest":3,"aoa3:carved_rune_of_space":4,"minecraft:iron_sword":217,"minecraft:rotten_flesh":2,"minecraft:torch":91,"minecraft:dirt":29,"tetra:modular_sword":22,"minecraft:spruce_stairs":5,"minecraft:carrot":2,"minecraft:oak_stairs":2,"aoa3:carved_rune_of_travel":3,"minecraft:lantern":6,"minecraft:iron_axe":187,"connectedglass:borderless_glass":87,"minecraft:item_frame":14,"minecraft:bow":2,"minecraft:oak_sapling":23,"minecraft:furnace":17,"minecraft:stone_pressure_plate":8,"minecraft:cooked_beef":1,"minecraft:iron_leggings":1,"upgrade_aquatic:glass_door":2,"minecraft:spruce_door":3,"upgrade_aquatic:mulberry":12,"minecraft:stone_pickaxe":132,"minecraft:oak_planks":108,"minecraft:wooden_pickaxe":11,"minecraft:sandstone":1,"artifacts:eternal_steak":12,"minecraft:sugar_cane":19,"connectedglass:clear_glass":125,"minecraft:sand":388,"minecraft:crafting_table":13,"aoa3:carved_rune_of_direction":1,"tetra:modular_double":349,"minecraft:white_bed":4,"minecraft:stone_brick_wall":1,"minecraft:painting":1,"minecraft:spruce_log":51,"minecraft:oak_log":214,"minecraft:apple":4,"minecraft:iron_pickaxe":185,"minecraft:lectern":1,"ironchest:iron_to_gold_chest_upgrade":1,"mmorpg:weapon/staff/wood":1,"minecraft:stone_axe":49,"born_in_chaos_v1:mesh_door":1,"minecraft:cobblestone":13,"minecraft:white_banner":2,"minecraft:cooked_porkchop":15,"minecraft:birch_log":2,"minecraft:andesite":6,"minecraft:stripped_oak_log":28},"minecraft:picked_up":{"minecraft:crafting_table":10,"minecraft:wheat":3,"aoa3:copper_coin":85,"minecraft:smithing_table":3,"mmorpg:jewelry/ring/iron":2,"aoa3:carved_rune_of_space":4,"minecraft:stone_brick_wall":1,"minecraft:gold_block":1,"minecraft:enchanted_book":1,"morevillagers:woodworking_table":1,"aoa3:golden_upgrade_kit":1,"aoa3:carved_rune_of_direction":1,"minecraft:shield":2,"born_in_chaos_v1:mesh_door":1,"paraglider:goddess_statue":2,"minecraft:string":34,"minecraft:raw_copper":46,"minecraft:armor_stand":8,"minecraft:iron_leggings":4,"minecraft:item_frame":14,"minecraft:experience_bottle":3,"dungeonnowloading:spawner_fragment":12,"minecraft:phantom_membrane":1,"mmorpg:map":1,"farmersdelight:cabbage":3,"minecraft:beef":20,"mmorpg:skill_gems/support/dex":2,"alexsmobs:raccoon_tail":1,"minecraft:iron_pickaxe":1,"minecraft:iron_nugget":6,"minecraft:lectern":1,"minecraft:coal_block":35,"mmorpg:offhand/tome/iron":2,"minecraft:sugar_cane":43,"upgrade_aquatic:mulberry":8,"minecraft:birch_sapling":1,"farmersdelight:cabbage_seeds":14,"minecraft:iron_boots":3,"minecraft:furnace":24,"minecraft:golden_helmet":6,"minecraft:stick":42,"mmorpg:material/mining/0":4,"minecraft:raw_iron":55,"minecraft:sandstone":1,"minecraft:copper_ingot":2,"minecraft:torch":18,"minecraft:spruce_stairs":1,"minecraft:porkchop":20,"mmorpg:jewelry/necklace/iron":3,"born_in_chaos_v1:nightmare_claw":2,"born_in_chaos_v1:pieceofdarkmetal":3,"mmorpg:skill_gems/support/int":1,"aoa3:carved_rune_of_travel":3,"minecraft:stone_pressure_plate":8,"artifacts:everlasting_beef":1,"epicpaladins:cryorium_gem":7,"minecraft:arrow":8,"minecraft:rotten_flesh":83,"minecraft:hay_block":25,"minecraft:iron_block":1,"aoa3:raw_limonite":18,"supplementaries:ash":1,"minecraft:stripped_oak_log":32,"minecraft:iron_bars":5,"born_in_chaos_v1:fused_bone":1,"minecraft:mutton":10,"undead_revamp2:arapholia":1,"minecraft:white_wool":7,"minecraft:cobblestone":101,"minecraft:birch_log":15,"born_in_chaos_v1:corpse_maggot":6,"born_in_chaos_v1:monster_flesh":1,"minecraft:golden_carrot":1,"minecraft:andesite":6,"minecraft:leather":17,"minecraft:golden_leggings":7,"paraglider:spirit_orb":6,"minecraft:oak_log":273,"minecraft:gunpowder":16,"minecraft:lapis_lazuli":45,"minecraft:dirt":74,"minecraft:lantern":15,"minecraft:white_banner":2,"born_in_chaos_v1:monster_skin":9,"minecraft:bone":49,"minecraft:apple":6,"minecraft:bow":3,"minecraft:wheat_seeds":2,"minecraft:raw_gold":8,"minecraft:glass_bottle":1,"minecraft:iron_ingot":13,"aoa3:tea_seeds":5,"minecraft:oak_planks":6,"minecraft:iron_sword":5,"minecraft:book":61,"tetra:modular_double":1,"born_in_chaos_v1:ethereal_spirit":10,"minecraft:gravel":1,"mmorpg:stat_soul":1,"born_in_chaos_v1:dark_rod":2,"minecraft:sand":644,"mmorpg:rare_mats/mining/medium":3,"aoa3:scrap_metal":10,"mmorpg:weapon/staff/wood":5,"minecraft:white_bed":4,"minecraft:spruce_log":58,"minecraft:spruce_door":1,"minecraft:spider_eye":1,"mmorpg:rare_mats/mining/greater":1,"minecraft:slime_ball":4,"minecraft:iron_helmet":6,"minecraft:crossbow":1,"minecraft:painting":2,"mmorpg:rare_mats/mining/lesser":1,"born_in_chaos_v1:rotten_fish":1,"minecraft:oak_sapling":58,"minecraft:coal":296,"mmorpg:offhand/dodge/iron":1}},"DataVersion":3465}