{"stats":{"minecraft:crafted":{"minecraft:cut_sandstone_slab":6,"minecraft:crafting_table":2,"mythicmetals:quadrillum_ingot":9,"minecraft:wooden_pickaxe":1,"mythicmetals:copper_boots":1,"simplyswords:mythicmetals_compat/quadrillum/quadrillum_longsword":1,"minecraft:furnace":2,"minecraft:copper_ingot":29,"minecraft:stone_axe":1,"minecraft:air":0,"minecraft:jungle_planks":68,"minecraft:stick":4,"minecraft:iron_ingot":15,"minecraft:wooden_axe":1,"minecraft:iron_pickaxe":1,"mythicmetals:copper_sword":1,"minecraft:stone_sword":1,"mythicmetals:copper_helmet":1,"mythicmetals:copper_leggings":1,"minecraft:torch":4,"mythicmetals:copper_chestplate":1},"minecraft:killed":{"minecraft:cave_spider":2,"minecraft:skeleton":1,"minecraft:zombie":2},"minecraft:picked_up":{"minecraft:crafting_table":3,"minecraft:jungle_log":17,"minecraft:cut_sandstone":11,"mythicmetals:raw_kyber":1,"mythicmetals:raw_platinum":3,"minecraft:string":2,"minecraft:raw_copper":83,"minecraft:orange_terracotta":1,"minecraft:melon_slice":65,"minecraft:sugar_cane":9,"mythicmetals:raw_silver":2,"minecraft:furnace":1,"minecraft:raw_iron":19,"minecraft:stick":10,"minecraft:sandstone":23,"minecraft:sand":3,"mythicmetals:raw_quadrillum":9,"mythicmetals:morkite":1,"minecraft:chiseled_sandstone":1,"minecraft:spider_eye":1,"minecraft:stone_pressure_plate":1,"minecraft:tnt":9,"minecraft:rotten_flesh":10,"mythicmetals:raw_manganese":15,"minecraft:coal":31,"minecraft:cobblestone":27},"minecraft:dropped":{"minecraft:stone_sword":1,"mythicmetals:raw_silver":2,"mythicmetals:morkite":1},"minecraft:custom":{"minecraft:interact_with_furnace":20,"minecraft:mob_kills":5,"minecraft:interact_with_crafting_table":17,"minecraft:damage_dealt_resisted":504,"minecraft:time_since_death":41586,"minecraft:climb_one_cm":475,"minecraft:time_since_rest":41586,"minecraft:sprint_one_cm":53743,"minecraft:damage_taken":295,"minecraft:walk_one_cm":35360,"minecraft:drop":4,"minecraft:damage_dealt":1604,"minecraft:swim_one_cm":26322,"minecraft:fly_one_cm":86720,"minecraft:open_chest":6,"minecraft:crouch_one_cm":4483,"minecraft:play_time":41586,"minecraft:sneak_time":2224,"minecraft:walk_under_water_one_cm":5971,"minecraft:jump":516,"minecraft:walk_on_water_one_cm":8261,"minecraft:total_world_time":41586,"minecraft:fall_one_cm":16049},"minecraft:mined":{"minecraft:cut_sandstone":11,"minecraft:stone_pressure_plate":1,"mythicmetals:platinum_ore":2,"minecraft:orange_terracotta":1,"minecraft:crafting_table":3,"mythicmetals:silver_ore":1,"minecraft:melon":14,"minecraft:dead_bush":10,"minecraft:jungle_log":17,"expores:experience_ore":2,"minecraft:copper_ore":20,"minecraft:sugar_cane":5,"minecraft:sandstone":23,"mythicmetals:quadrillum_ore":6,"minecraft:furnace":1,"mythicmetals:kyber_ore":1,"minecraft:iron_ore":19,"minecraft:chiseled_sandstone":1,"mythicmetals:manganese_ore":10,"minecraft:tnt":9,"minecraft:grass":3,"minecraft:coal_ore":33,"minecraft:vine":2,"minecraft:sand":3,"mythicmetals:morkite_ore":1,"minecraft:stone":27},"minecraft:broken":{"minecraft:wooden_axe":1},"minecraft:used":{"minecraft:stone_sword":20,"mythicupgrades:topaz_potion":2,"minecraft:wooden_pickaxe":52,"minecraft:sandstone":23,"minecraft:cut_sandstone":8,"minecraft:rotten_flesh":10,"minecraft:sand":3,"minecraft:cut_sandstone_slab":1,"minecraft:crafting_table":5,"mythicmetals:copper_helmet":1,"minecraft:wooden_axe":40,"minecraft:chiseled_sandstone":1,"minecraft:melon_slice":30,"minecraft:iron_pickaxe":117,"mythicmetals:copper_chestplate":1,"minecraft:stone_axe":30,"minecraft:furnace":3,"minecraft:orange_terracotta":1}},"DataVersion":3465}