{"stats":{"minecraft:broken":{"minecraft:iron_shovel":2,"minecraft:stone_pickaxe":1,"minecraft:stone_axe":1},"minecraft:custom":{"minecraft:blood":0,"minecraft:mob_kills":104,"minecraft:dexterity":8,"minecraft:interact_with_crafting_table":27,"minecraft:damage_dealt_resisted":914,"minecraft:leave_game":2,"minecraft:time_since_death":159075,"minecraft:mana":246,"minecraft:magic_shield":9,"minecraft:sprint_one_cm":344903,"minecraft:walk_one_cm":325869,"minecraft:drop":34,"minecraft:health":222,"minecraft:play_time":159075,"minecraft:sneak_time":6063,"minecraft:walk_under_water_one_cm":7225,"minecraft:jump":2518,"minecraft:energy":211,"minecraft:walk_on_water_one_cm":20030,"minecraft:total_world_time":159075,"minecraft:interact_with_furnace":72,"minecraft:intelligence":12,"minecraft:move_speed":0,"minecraft:sleep_in_bed":5,"minecraft:levels_gained":7,"minecraft:time_since_rest":17830,"minecraft:damage_taken":1670,"minecraft:damage_absorbed":372,"minecraft:damage_dealt":7529,"minecraft:swim_one_cm":40805,"minecraft:fly_one_cm":533673,"minecraft:open_chest":57,"minecraft:crouch_one_cm":23445,"minecraft:strength":18,"minecraft:fall_one_cm":57423},"minecraft:killed":{"irons_spellbooks:summoned_zombie":3,"born_in_chaos_v1:restless_spirit":1,"aoa3:charger":1,"minecraft:spider":3,"alexsmobs:seagull":4,"born_in_chaos_v1:zombie_bruiser":1,"born_in_chaos_v1:maggot":7,"minecraft:skeleton":7,"minecraft:horse":2,"realmrpg_demons:chort":2,"born_in_chaos_v1:skeleton_thrasher":2,"undead_revamp2:thebidy":2,"undead_revamp2:thepregnant":1,"minecraft:pig":8,"born_in_chaos_v1:baby_skeleton":5,"undead_revamp2:the_moonflower":3,"irons_spellbooks:necromancer":1,"undead_revamp2:thebeartamer":1,"minecraft:creeper":4,"born_in_chaos_v1:decrepit_skeleton":3,"minecraft:sheep":7,"cataclysm:deepling_brute":1,"minecraft:zombie":14,"aoa3:goblin":1,"born_in_chaos_v1:corpse_fly":6,"born_in_chaos_v1:nightmare_stalker":1,"born_in_chaos_v1:door_knight":3,"minecraft:cow":8},"minecraft:dropped":{"minecraft:iron_sword":2,"minecraft:cooked_beef":15,"aoa3:scrap_metal":3,"minecraft:crafting_table":1,"minecraft:iron_helmet":3,"mmorpg:weapon/staff/wood":1,"aoa3:tea_seeds":1,"minecraft:iron_leggings":1,"minecraft:bone":1,"minecraft:iron_nugget":1,"minecraft:wheat":1,"born_in_chaos_v1:ethereal_spirit":2,"minecraft:rotten_flesh":10,"minecraft:cooked_mutton":10,"born_in_chaos_v1:corpse_maggot":5,"minecraft:oak_sapling":32,"minecraft:bow":1,"minecraft:wooden_pickaxe":1},"minecraft:crafted":{"minecraft:oak_planks":164,"minecraft:furnace":4,"minecraft:cooked_mutton":10,"minecraft:glass":86,"minecraft:iron_axe":1,"minecraft:stone_pickaxe":1,"minecraft:chest":3,"sophisticatedbackpacks:iron_backpack":1,"minecraft:cooked_beef":17,"paraglider:paraglider":1,"sophisticatedbackpacks:backpack":1,"minecraft:cooked_porkchop":17,"minecraft:crafting_table":4,"minecraft:wooden_pickaxe":1,"minecraft:copper_ingot":15,"sophisticatedbackpacks:gold_backpack":1,"minecraft:stone_axe":1,"minecraft:air":0,"minecraft:iron_chestplate":1,"minecraft:stick":16,"minecraft:iron_ingot":45,"minecraft:iron_pickaxe":1,"minecraft:gold_ingot":8,"minecraft:iron_shovel":3,"minecraft:iron_leggings":1,"minecraft:white_bed":1,"minecraft:torch":76},"minecraft:used":{"minecraft:iron_shovel":550,"minecraft:chest":2,"aoa3:carved_rune_of_space":2,"minecraft:iron_sword":166,"minecraft:rotten_flesh":2,"minecraft:torch":53,"minecraft:dirt":28,"aoa3:carved_rune_of_travel":3,"minecraft:iron_axe":62,"minecraft:bow":2,"minecraft:oak_sapling":1,"minecraft:furnace":17,"minecraft:iron_leggings":1,"upgrade_aquatic:mulberry":12,"minecraft:stone_pickaxe":132,"minecraft:oak_planks":1,"minecraft:wooden_pickaxe":11,"minecraft:sandstone":1,"minecraft:sugar_cane":19,"minecraft:sand":388,"minecraft:crafting_table":8,"minecraft:white_bed":4,"minecraft:oak_log":115,"minecraft:apple":4,"minecraft:iron_pickaxe":114,"minecraft:stone_axe":49,"minecraft:cobblestone":9,"minecraft:cooked_porkchop":10,"minecraft:birch_log":2,"minecraft:andesite":6},"minecraft:mined":{"minecraft:white_bed":3,"minecraft:oak_sapling":3,"minecraft:grass_block":43,"farmersdelight:wild_cabbages":13,"minecraft:sandstone":1,"minecraft:furnace":13,"minecraft:iron_ore":50,"minecraft:andesite":5,"minecraft:gold_block":1,"minecraft:dirt_path":10,"minecraft:stone":68,"minecraft:crafting_table":6,"minecraft:torch":8,"minecraft:copper_ore":11,"minecraft:lapis_ore":8,"minecraft:sugar_cane":12,"minecraft:wall_torch":2,"farmersdelight:sandy_shrub":8,"minecraft:birch_log":2,"minecraft:grass":25,"minecraft:oak_log":43,"minecraft:coal_ore":91,"minecraft:sand":459,"minecraft:dirt":13,"minecraft:cobweb":3,"minecraft:gold_ore":8,"minecraft:oak_leaves":16},"minecraft:picked_up":{"minecraft:crafting_table":7,"minecraft:wheat":3,"aoa3:copper_coin":44,"mmorpg:jewelry/ring/iron":1,"aoa3:carved_rune_of_space":2,"minecraft:gold_block":1,"aoa3:golden_upgrade_kit":1,"minecraft:string":9,"minecraft:raw_copper":46,"minecraft:iron_leggings":1,"farmersdelight:cabbage":3,"minecraft:beef":17,"minecraft:iron_nugget":2,"mmorpg:offhand/tome/iron":2,"minecraft:sugar_cane":22,"upgrade_aquatic:mulberry":8,"minecraft:birch_sapling":1,"farmersdelight:cabbage_seeds":14,"minecraft:iron_boots":2,"minecraft:furnace":13,"minecraft:stick":27,"mmorpg:material/mining/0":3,"minecraft:raw_iron":50,"minecraft:sandstone":1,"minecraft:copper_ingot":2,"minecraft:torch":10,"minecraft:porkchop":20,"born_in_chaos_v1:nightmare_claw":1,"born_in_chaos_v1:pieceofdarkmetal":3,"aoa3:carved_rune_of_travel":3,"minecraft:arrow":4,"minecraft:rotten_flesh":33,"minecraft:mutton":10,"undead_revamp2:arapholia":1,"minecraft:white_wool":7,"minecraft:cobblestone":66,"minecraft:birch_log":15,"born_in_chaos_v1:corpse_maggot":6,"minecraft:golden_carrot":1,"minecraft:andesite":6,"minecraft:leather":10,"minecraft:oak_log":163,"minecraft:gunpowder":5,"minecraft:lapis_lazuli":32,"minecraft:dirt":66,"born_in_chaos_v1:monster_skin":3,"minecraft:bone":29,"minecraft:apple":5,"minecraft:bow":1,"minecraft:wheat_seeds":2,"minecraft:raw_gold":8,"minecraft:iron_ingot":9,"aoa3:tea_seeds":1,"minecraft:iron_sword":2,"born_in_chaos_v1:ethereal_spirit":2,"minecraft:sand":474,"mmorpg:rare_mats/mining/medium":3,"aoa3:scrap_metal":6,"mmorpg:weapon/staff/wood":4,"minecraft:white_bed":3,"minecraft:spider_eye":1,"mmorpg:rare_mats/mining/greater":1,"minecraft:iron_helmet":5,"minecraft:oak_sapling":36,"minecraft:coal":217,"mmorpg:offhand/dodge/iron":1}},"DataVersion":3465}