{"stats":{"minecraft:crafted":{"minecraft:cut_sandstone_slab":6,"minecraft:crafting_table":2,"mythicmetals:quadrillum_ingot":9,"minecraft:wooden_pickaxe":1,"mythicmetals:copper_boots":1,"minecraft:iron_helmet":1,"mythicmetals:prometheum_ingot":11,"simplyswords:mythicmetals_compat/quadrillum/quadrillum_longsword":1,"minecraft:furnace":2,"minecraft:copper_ingot":29,"minecraft:stone_axe":1,"minecraft:air":0,"minecraft:jungle_planks":68,"minecraft:iron_chestplate":1,"minecraft:stick":8,"minecraft:iron_ingot":19,"minecraft:wooden_axe":1,"minecraft:iron_pickaxe":1,"mythicmetals:copper_sword":1,"mythicmetals:prometheum_pickaxe":1,"minecraft:stone_sword":1,"mythicmetals:copper_helmet":1,"minecraft:iron_leggings":1,"mythicmetals:copper_leggings":1,"minecraft:torch":4,"mythicmetals:copper_chestplate":1,"mythicmetals:prometheum_chestplate":1},"minecraft:killed":{"minecraft:cave_spider":2,"minecraft:skeleton":1,"minecraft:zombie":2},"minecraft:picked_up":{"minecraft:crafting_table":4,"minecraft:jungle_log":17,"minecraft:cut_sandstone":11,"mythicmetals:raw_prometheum":11,"mythicmetals:raw_kyber":1,"mythicmetals:raw_platinum":3,"minecraft:string":2,"minecraft:raw_copper":83,"minecraft:orange_terracotta":1,"minecraft:melon_slice":65,"minecraft:sugar_cane":9,"mythicmetals:raw_silver":2,"minecraft:furnace":3,"minecraft:raw_iron":32,"minecraft:stick":10,"minecraft:sandstone":23,"minecraft:torch":1,"minecraft:sand":3,"mythicmetals:raw_quadrillum":18,"mythicmetals:morkite":1,"minecraft:chiseled_sandstone":1,"minecraft:spider_eye":1,"minecraft:stone_pressure_plate":1,"minecraft:tnt":9,"minecraft:rotten_flesh":10,"mythicmetals:raw_manganese":26,"mythicmetals:copper_helmet":1,"minecraft:granite":4,"mythicmetals:copper_leggings":1,"mythicmetals:copper_chestplate":1,"minecraft:coal":106,"minecraft:cobblestone":41},"minecraft:dropped":{"minecraft:stone_sword":1,"mythicmetals:raw_silver":2,"mythicmetals:morkite":1,"mythicmetals:copper_leggings":2,"minecraft:iron_chestplate":1,"mythicmetals:copper_sword":1,"mythicmetals:copper_chestplate":2,"mythicmetals:copper_helmet":2},"minecraft:custom":{"minecraft:interact_with_furnace":28,"minecraft:mob_kills":5,"minecraft:interact_with_crafting_table":23,"minecraft:damage_dealt_resisted":504,"minecraft:time_since_death":53586,"minecraft:climb_one_cm":475,"minecraft:time_since_rest":53586,"minecraft:sprint_one_cm":65565,"minecraft:damage_taken":295,"minecraft:walk_one_cm":47816,"minecraft:drop":12,"minecraft:damage_dealt":1604,"minecraft:swim_one_cm":28572,"minecraft:fly_one_cm":97138,"minecraft:open_chest":6,"minecraft:crouch_one_cm":5787,"minecraft:play_time":53586,"minecraft:sneak_time":2770,"minecraft:walk_under_water_one_cm":6856,"minecraft:jump":636,"minecraft:walk_on_water_one_cm":15488,"minecraft:total_world_time":53586,"minecraft:fall_one_cm":17326},"minecraft:mined":{"minecraft:cut_sandstone":11,"minecraft:stone_pressure_plate":1,"mythicmetals:platinum_ore":2,"minecraft:orange_terracotta":1,"minecraft:crafting_table":4,"minecraft:granite":4,"mythicmetals:silver_ore":1,"minecraft:melon":14,"minecraft:dead_bush":10,"minecraft:jungle_log":17,"expores:experience_ore":6,"minecraft:copper_ore":20,"minecraft:sugar_cane":5,"minecraft:sandstone":23,"minecraft:wall_torch":1,"mythicmetals:quadrillum_ore":12,"minecraft:furnace":3,"mythicmetals:kyber_ore":1,"minecraft:iron_ore":32,"minecraft:chiseled_sandstone":1,"mythicmetals:manganese_ore":18,"minecraft:tnt":9,"minecraft:grass":3,"minecraft:coal_ore":109,"minecraft:vine":2,"minecraft:sand":3,"mythicmetals:morkite_ore":1,"mythicmetals:prometheum_ore":6,"minecraft:stone":41},"minecraft:broken":{"minecraft:iron_pickaxe":1,"minecraft:wooden_axe":1},"minecraft:used":{"minecraft:stone_sword":20,"mythicupgrades:topaz_potion":2,"minecraft:wooden_pickaxe":52,"minecraft:sandstone":23,"minecraft:cut_sandstone":8,"minecraft:rotten_flesh":10,"minecraft:torch":1,"minecraft:sand":3,"minecraft:cut_sandstone_slab":6,"minecraft:crafting_table":6,"mythicmetals:copper_helmet":1,"minecraft:granite":4,"minecraft:wooden_axe":40,"minecraft:chiseled_sandstone":1,"minecraft:melon_slice":32,"minecraft:iron_pickaxe":251,"mythicmetals:copper_chestplate":1,"minecraft:stone_axe":31,"minecraft:furnace":5,"minecraft:orange_terracotta":1}},"DataVersion":3465}