{"stats":{"minecraft:broken":{"minecraft:iron_shovel":2,"minecraft:stone_pickaxe":1,"minecraft:stone_axe":1},"minecraft:custom":{"minecraft:blood":0,"minecraft:mob_kills":129,"minecraft:dexterity":10,"minecraft:interact_with_crafting_table":37,"minecraft:open_barrel":8,"minecraft:damage_dealt_resisted":914,"minecraft:leave_game":2,"minecraft:time_since_death":249075,"minecraft:climb_one_cm":2338,"minecraft:mana":247,"minecraft:magic_shield":3,"minecraft:sprint_one_cm":677411,"minecraft:walk_one_cm":490105,"minecraft:drop":62,"minecraft:health":226,"minecraft:talked_to_villager":7,"minecraft:play_time":249075,"minecraft:sneak_time":9202,"minecraft:walk_under_water_one_cm":9428,"minecraft:jump":4426,"minecraft:energy":241,"minecraft:walk_on_water_one_cm":27015,"minecraft:total_world_time":249075,"minecraft:interact_with_furnace":84,"minecraft:intelligence":13,"minecraft:move_speed":0,"minecraft:sleep_in_bed":6,"minecraft:levels_gained":8,"minecraft:time_since_rest":33980,"minecraft:damage_taken":2319,"minecraft:damage_absorbed":489,"minecraft:damage_dealt":9085,"minecraft:swim_one_cm":61858,"minecraft:fly_one_cm":985765,"minecraft:open_chest":99,"minecraft:crouch_one_cm":33386,"minecraft:strength":18,"minecraft:fall_one_cm":102694},"minecraft:killed":{"irons_spellbooks:summoned_zombie":3,"born_in_chaos_v1:restless_spirit":4,"alexsmobs:raccoon":1,"aoa3:charger":1,"minecraft:spider":3,"alexsmobs:seagull":4,"born_in_chaos_v1:zombie_bruiser":1,"born_in_chaos_v1:maggot":7,"minecraft:skeleton":7,"minecraft:horse":2,"realmrpg_demons:chort":2,"born_in_chaos_v1:skeleton_thrasher":2,"undead_revamp2:thebidy":5,"minecraft:drowned":1,"born_in_chaos_v1:corpse_fish":1,"undead_revamp2:thepregnant":1,"minecraft:pig":8,"born_in_chaos_v1:baby_skeleton":5,"undead_revamp2:the_moonflower":10,"irons_spellbooks:necromancer":1,"undead_revamp2:thebeartamer":1,"minecraft:creeper":5,"born_in_chaos_v1:decrepit_skeleton":5,"minecraft:sheep":7,"cataclysm:deepling_brute":1,"minecraft:zombie":15,"aoa3:goblin":1,"born_in_chaos_v1:dread_hound":1,"born_in_chaos_v1:corpse_fly":6,"born_in_chaos_v1:dark_vortex":1,"born_in_chaos_v1:nightmare_stalker":1,"born_in_chaos_v1:door_knight":3,"born_in_chaos_v1:decaying_zombie_not_despawn":1,"minecraft:cow":10},"minecraft:dropped":{"minecraft:bread":21,"minecraft:iron_sword":2,"minecraft:cooked_beef":15,"aoa3:scrap_metal":3,"minecraft:crafting_table":1,"minecraft:iron_helmet":3,"mmorpg:weapon/staff/wood":1,"aoa3:tea_seeds":1,"minecraft:iron_leggings":1,"minecraft:bone":1,"minecraft:iron_nugget":1,"minecraft:wheat":1,"born_in_chaos_v1:ethereal_spirit":2,"minecraft:rotten_flesh":18,"minecraft:cooked_mutton":10,"minecraft:white_bed":1,"tetra:modular_sword":1,"born_in_chaos_v1:corpse_maggot":5,"minecraft:oak_sapling":32,"tetra:modular_double":2,"minecraft:bow":1,"minecraft:wooden_pickaxe":1},"minecraft:crafted":{"artifacts:eternal_steak":1,"minecraft:wooden_sword":1,"minecraft:oak_planks":164,"minecraft:furnace":4,"minecraft:cooked_mutton":10,"minecraft:glass":86,"minecraft:iron_axe":1,"minecraft:stone_pickaxe":1,"minecraft:chest":3,"tetra:modular_double":5,"sophisticatedbackpacks:iron_backpack":1,"minecraft:cooked_beef":17,"paraglider:paraglider":1,"sophisticatedbackpacks:backpack":1,"minecraft:cooked_porkchop":17,"minecraft:crafting_table":5,"minecraft:wooden_pickaxe":1,"minecraft:copper_ingot":15,"sophisticatedbackpacks:gold_backpack":1,"minecraft:stone_axe":1,"minecraft:air":0,"minecraft:iron_chestplate":1,"minecraft:stick":28,"minecraft:iron_ingot":54,"minecraft:iron_pickaxe":1,"minecraft:gold_ingot":8,"minecraft:iron_shovel":3,"minecraft:iron_leggings":1,"minecraft:white_bed":1,"minecraft:torch":76},"minecraft:mined":{"minecraft:white_bed":4,"minecraft:oak_sapling":3,"minecraft:stone_brick_wall":1,"minecraft:grass_block":43,"minecraft:coal_block":35,"farmersdelight:wild_cabbages":13,"morevillagers:woodworking_table":1,"minecraft:spawner":2,"minecraft:sandstone":1,"minecraft:hay_block":25,"minecraft:furnace":25,"minecraft:iron_ore":50,"minecraft:andesite":5,"minecraft:gold_block":1,"minecraft:bookshelf":19,"minecraft:dirt_path":10,"minecraft:iron_bars":5,"minecraft:lantern":7,"minecraft:iron_block":1,"minecraft:stone":73,"minecraft:smithing_table":3,"minecraft:crafting_table":8,"minecraft:torch":12,"minecraft:lectern":1,"minecraft:copper_ore":11,"minecraft:lapis_ore":8,"minecraft:oak_planks":3,"minecraft:sugar_cane":32,"minecraft:wall_torch":5,"farmersdelight:sandy_shrub":8,"tetra:basic_workbench":1,"minecraft:birch_log":2,"minecraft:grass":25,"minecraft:oak_log":43,"minecraft:coal_ore":91,"minecraft:sand":460,"minecraft:dirt":13,"minecraft:cobweb":28,"minecraft:gold_ore":8,"minecraft:oak_leaves":16,"paraglider:goddess_statue":2},"minecraft:used":{"minecraft:iron_bars":5,"minecraft:iron_shovel":550,"minecraft:armor_stand":8,"minecraft:chest":2,"aoa3:carved_rune_of_space":2,"minecraft:iron_sword":217,"minecraft:rotten_flesh":2,"minecraft:torch":88,"minecraft:dirt":28,"tetra:modular_sword":14,"minecraft:carrot":2,"aoa3:carved_rune_of_travel":3,"minecraft:lantern":2,"minecraft:iron_axe":93,"minecraft:item_frame":14,"minecraft:bow":2,"minecraft:oak_sapling":1,"minecraft:furnace":17,"minecraft:stone_pressure_plate":8,"minecraft:cooked_beef":1,"minecraft:iron_leggings":1,"upgrade_aquatic:mulberry":12,"minecraft:stone_pickaxe":132,"minecraft:oak_planks":19,"minecraft:wooden_pickaxe":11,"minecraft:sandstone":1,"artifacts:eternal_steak":5,"minecraft:sugar_cane":19,"minecraft:sand":388,"minecraft:crafting_table":13,"aoa3:carved_rune_of_direction":1,"tetra:modular_double":8,"minecraft:white_bed":4,"minecraft:stone_brick_wall":1,"minecraft:painting":1,"minecraft:oak_log":115,"minecraft:apple":4,"minecraft:iron_pickaxe":184,"minecraft:lectern":1,"mmorpg:weapon/staff/wood":1,"minecraft:stone_axe":49,"minecraft:cobblestone":9,"minecraft:cooked_porkchop":15,"minecraft:birch_log":2,"minecraft:andesite":6},"minecraft:picked_up":{"minecraft:crafting_table":10,"minecraft:wheat":3,"aoa3:copper_coin":58,"minecraft:smithing_table":3,"mmorpg:jewelry/ring/iron":2,"aoa3:carved_rune_of_space":2,"minecraft:stone_brick_wall":1,"minecraft:gold_block":1,"morevillagers:woodworking_table":1,"aoa3:golden_upgrade_kit":1,"aoa3:carved_rune_of_direction":1,"minecraft:shield":1,"paraglider:goddess_statue":2,"minecraft:string":33,"minecraft:raw_copper":46,"minecraft:armor_stand":8,"minecraft:iron_leggings":1,"minecraft:item_frame":14,"minecraft:experience_bottle":3,"dungeonnowloading:spawner_fragment":12,"farmersdelight:cabbage":3,"minecraft:beef":20,"alexsmobs:raccoon_tail":1,"minecraft:iron_pickaxe":1,"minecraft:iron_nugget":4,"minecraft:lectern":1,"minecraft:coal_block":35,"mmorpg:offhand/tome/iron":2,"minecraft:sugar_cane":43,"upgrade_aquatic:mulberry":8,"minecraft:birch_sapling":1,"farmersdelight:cabbage_seeds":14,"minecraft:iron_boots":3,"minecraft:furnace":24,"minecraft:golden_helmet":6,"minecraft:stick":27,"mmorpg:material/mining/0":3,"minecraft:raw_iron":50,"minecraft:sandstone":1,"minecraft:copper_ingot":2,"minecraft:torch":16,"minecraft:porkchop":20,"mmorpg:jewelry/necklace/iron":2,"born_in_chaos_v1:nightmare_claw":1,"born_in_chaos_v1:pieceofdarkmetal":3,"mmorpg:skill_gems/support/int":1,"aoa3:carved_rune_of_travel":3,"minecraft:stone_pressure_plate":8,"artifacts:everlasting_beef":1,"minecraft:arrow":4,"minecraft:rotten_flesh":69,"minecraft:hay_block":25,"minecraft:iron_block":1,"supplementaries:ash":1,"minecraft:iron_bars":5,"born_in_chaos_v1:fused_bone":1,"minecraft:mutton":10,"undead_revamp2:arapholia":1,"minecraft:white_wool":7,"minecraft:cobblestone":71,"minecraft:birch_log":15,"born_in_chaos_v1:corpse_maggot":6,"born_in_chaos_v1:monster_flesh":1,"minecraft:golden_carrot":1,"minecraft:andesite":6,"minecraft:leather":17,"minecraft:golden_leggings":7,"paraglider:spirit_orb":6,"minecraft:oak_log":163,"minecraft:gunpowder":5,"minecraft:lapis_lazuli":32,"minecraft:dirt":66,"minecraft:lantern":14,"born_in_chaos_v1:monster_skin":3,"minecraft:bone":39,"minecraft:apple":5,"minecraft:bow":2,"minecraft:wheat_seeds":2,"minecraft:raw_gold":8,"minecraft:iron_ingot":12,"aoa3:tea_seeds":3,"minecraft:oak_planks":3,"minecraft:iron_sword":5,"minecraft:book":61,"born_in_chaos_v1:ethereal_spirit":9,"mmorpg:stat_soul":1,"born_in_chaos_v1:dark_rod":2,"minecraft:sand":474,"mmorpg:rare_mats/mining/medium":3,"aoa3:scrap_metal":10,"mmorpg:weapon/staff/wood":4,"minecraft:white_bed":4,"minecraft:spider_eye":1,"mmorpg:rare_mats/mining/greater":1,"minecraft:slime_ball":4,"minecraft:iron_helmet":6,"minecraft:crossbow":1,"minecraft:painting":2,"minecraft:oak_sapling":36,"minecraft:coal":260,"mmorpg:offhand/dodge/iron":1}},"DataVersion":3465}