{"stats":{"minecraft:custom":{"minecraft:jump":16,"minecraft:intelligence":0,"minecraft:time_since_rest":6230,"minecraft:energy":50,"minecraft:blood":0,"minecraft:magic_shield":0,"minecraft:sprint_one_cm":2748,"minecraft:health":70,"minecraft:play_time":6230,"minecraft:move_speed":0,"minecraft:time_since_death":6230,"minecraft:walk_one_cm":851,"minecraft:strength":0,"minecraft:total_world_time":6230,"minecraft:fly_one_cm":2742,"minecraft:mana":50,"minecraft:dexterity":0,"minecraft:leave_game":1},"minecraft:mined":{"minecraft:oak_log":1},"minecraft:picked_up":{"minecraft:oak_log":1}},"DataVersion":3465}