{"stats":{"minecraft:broken":{"minecraft:iron_shovel":1,"minecraft:stone_pickaxe":1},"minecraft:custom":{"minecraft:blood":0,"minecraft:mob_kills":58,"minecraft:dexterity":2,"minecraft:interact_with_crafting_table":19,"minecraft:damage_dealt_resisted":422,"minecraft:leave_game":2,"minecraft:time_since_death":99075,"minecraft:mana":100,"minecraft:magic_shield":3,"minecraft:sprint_one_cm":186117,"minecraft:walk_one_cm":158156,"minecraft:drop":18,"minecraft:health":120,"minecraft:play_time":99075,"minecraft:sneak_time":4281,"minecraft:walk_under_water_one_cm":3815,"minecraft:jump":1391,"minecraft:energy":100,"minecraft:walk_on_water_one_cm":9328,"minecraft:total_world_time":99075,"minecraft:interact_with_furnace":60,"minecraft:intelligence":2,"minecraft:move_speed":0,"minecraft:sleep_in_bed":4,"minecraft:levels_gained":4,"minecraft:time_since_rest":49,"minecraft:damage_taken":1110,"minecraft:damage_absorbed":142,"minecraft:damage_dealt":5547,"minecraft:swim_one_cm":24356,"minecraft:fly_one_cm":254941,"minecraft:open_chest":10,"minecraft:crouch_one_cm":15886,"minecraft:strength":4,"minecraft:fall_one_cm":33195},"minecraft:killed":{"born_in_chaos_v1:restless_spirit":1,"aoa3:charger":1,"minecraft:spider":1,"alexsmobs:seagull":4,"born_in_chaos_v1:maggot":2,"minecraft:skeleton":3,"minecraft:horse":2,"realmrpg_demons:chort":1,"minecraft:pig":7,"born_in_chaos_v1:baby_skeleton":2,"undead_revamp2:thebeartamer":1,"minecraft:creeper":4,"born_in_chaos_v1:decrepit_skeleton":1,"minecraft:sheep":7,"minecraft:zombie":5,"aoa3:goblin":1,"born_in_chaos_v1:corpse_fly":5,"born_in_chaos_v1:door_knight":1,"minecraft:cow":8},"minecraft:dropped":{"minecraft:iron_sword":2,"aoa3:scrap_metal":3,"minecraft:iron_helmet":2,"mmorpg:weapon/staff/wood":1,"aoa3:tea_seeds":1,"minecraft:iron_nugget":1,"minecraft:wheat":1,"born_in_chaos_v1:ethereal_spirit":2,"minecraft:rotten_flesh":10,"born_in_chaos_v1:corpse_maggot":5,"minecraft:oak_sapling":24,"minecraft:bow":1,"minecraft:wooden_pickaxe":1},"minecraft:crafted":{"minecraft:oak_planks":164,"minecraft:furnace":4,"minecraft:glass":68,"minecraft:stone_pickaxe":1,"minecraft:chest":1,"minecraft:cooked_beef":17,"paraglider:paraglider":1,"minecraft:cooked_porkchop":17,"minecraft:crafting_table":3,"minecraft:wooden_pickaxe":1,"minecraft:copper_ingot":15,"minecraft:stone_axe":1,"minecraft:air":0,"minecraft:iron_chestplate":1,"minecraft:stick":16,"minecraft:iron_ingot":45,"minecraft:iron_pickaxe":1,"minecraft:gold_ingot":8,"minecraft:iron_shovel":2,"minecraft:iron_leggings":1,"minecraft:white_bed":1,"minecraft:torch":52},"minecraft:used":{"minecraft:iron_shovel":284,"minecraft:chest":1,"aoa3:carved_rune_of_space":1,"minecraft:iron_sword":116,"minecraft:rotten_flesh":2,"minecraft:torch":12,"minecraft:dirt":15,"aoa3:carved_rune_of_travel":2,"minecraft:bow":2,"minecraft:furnace":11,"minecraft:iron_leggings":1,"upgrade_aquatic:mulberry":12,"minecraft:stone_pickaxe":132,"minecraft:oak_planks":1,"minecraft:wooden_pickaxe":11,"minecraft:sugar_cane":17,"minecraft:sand":111,"minecraft:crafting_table":7,"minecraft:white_bed":2,"minecraft:oak_log":37,"minecraft:apple":4,"minecraft:iron_pickaxe":106,"minecraft:stone_axe":44,"minecraft:cobblestone":9,"minecraft:cooked_porkchop":4,"minecraft:andesite":6},"minecraft:mined":{"minecraft:white_bed":1,"minecraft:oak_sapling":3,"minecraft:grass_block":40,"farmersdelight:wild_cabbages":13,"minecraft:furnace":7,"minecraft:iron_ore":50,"minecraft:andesite":5,"minecraft:dirt_path":4,"minecraft:stone":68,"minecraft:crafting_table":4,"minecraft:torch":4,"minecraft:copper_ore":11,"minecraft:lapis_ore":8,"minecraft:sugar_cane":7,"minecraft:wall_torch":2,"farmersdelight:sandy_shrub":7,"minecraft:grass":24,"minecraft:oak_log":13,"minecraft:coal_ore":91,"minecraft:sand":197,"minecraft:dirt":9,"minecraft:cobweb":1,"minecraft:gold_ore":8,"minecraft:oak_leaves":12},"minecraft:picked_up":{"minecraft:crafting_table":4,"minecraft:wheat":1,"aoa3:copper_coin":25,"aoa3:carved_rune_of_space":1,"minecraft:string":5,"minecraft:raw_copper":46,"farmersdelight:cabbage":2,"minecraft:beef":17,"minecraft:iron_nugget":1,"minecraft:sugar_cane":17,"upgrade_aquatic:mulberry":8,"farmersdelight:cabbage_seeds":13,"minecraft:iron_boots":2,"minecraft:furnace":7,"minecraft:stick":16,"mmorpg:material/mining/0":3,"minecraft:raw_iron":50,"minecraft:copper_ingot":2,"minecraft:torch":6,"minecraft:porkchop":17,"aoa3:carved_rune_of_travel":2,"minecraft:arrow":2,"minecraft:rotten_flesh":14,"minecraft:mutton":10,"minecraft:white_wool":7,"minecraft:cobblestone":66,"born_in_chaos_v1:corpse_maggot":5,"minecraft:andesite":6,"minecraft:leather":10,"minecraft:oak_log":81,"minecraft:gunpowder":5,"minecraft:lapis_lazuli":32,"minecraft:dirt":53,"minecraft:bone":13,"minecraft:apple":4,"minecraft:bow":1,"minecraft:wheat_seeds":2,"minecraft:raw_gold":8,"minecraft:iron_ingot":7,"aoa3:tea_seeds":1,"minecraft:iron_sword":2,"born_in_chaos_v1:ethereal_spirit":2,"minecraft:sand":197,"mmorpg:rare_mats/mining/medium":3,"aoa3:scrap_metal":3,"mmorpg:weapon/staff/wood":3,"minecraft:white_bed":1,"mmorpg:rare_mats/mining/greater":1,"minecraft:iron_helmet":4,"minecraft:oak_sapling":27,"minecraft:coal":168,"mmorpg:offhand/dodge/iron":1}},"DataVersion":3465}