{"stats":{"minecraft:picked_up":{"minecraft:sand":3},"minecraft:used":{"minecraft:sand":3},"minecraft:mined":{"minecraft:sand":3},"minecraft:custom":{"minecraft:jump":127,"minecraft:open_chest":4,"minecraft:time_since_rest":255,"minecraft:leave_game":1,"minecraft:deaths":2,"minecraft:walk_on_water_one_cm":998,"minecraft:sprint_one_cm":14893,"minecraft:play_time":6188,"minecraft:damage_taken":500,"minecraft:time_since_death":230,"minecraft:walk_one_cm":4660,"minecraft:climb_one_cm":504,"minecraft:sneak_time":60,"minecraft:walk_under_water_one_cm":25525,"minecraft:total_world_time":6188,"minecraft:interact_with_cartography_table":1,"minecraft:fall_one_cm":10117,"minecraft:fly_one_cm":131400,"minecraft:inspect_dispenser":2}},"DataVersion":3465}