{"stats":{"minecraft:custom":{"minecraft:time_since_rest":16052,"minecraft:blood":0,"minecraft:magic_shield":0,"minecraft:walk_one_cm":66880,"minecraft:sprint_one_cm":71815,"minecraft:damage_taken":729,"minecraft:damage_absorbed":236,"minecraft:mob_kills":17,"minecraft:drop":3,"minecraft:dexterity":2,"minecraft:intelligence":0,"minecraft:damage_dealt":3575,"minecraft:health":100,"minecraft:move_speed":0,"minecraft:interact_with_crafting_table":2,"minecraft:fly_one_cm":96359,"minecraft:open_chest":11,"minecraft:crouch_one_cm":2049,"minecraft:play_time":29219,"minecraft:sneak_time":696,"minecraft:walk_under_water_one_cm":290,"minecraft:damage_dealt_resisted":200,"minecraft:jump":522,"minecraft:energy":90,"minecraft:walk_on_water_one_cm":253,"minecraft:time_since_death":29219,"minecraft:strength":2,"minecraft:sleep_in_bed":1,"minecraft:total_world_time":29219,"minecraft:levels_gained":3,"minecraft:mana":70,"minecraft:fall_one_cm":14467},"minecraft:killed":{"aoa3:chomper":1,"minecraft:zombie":2,"born_in_chaos_v1:dread_hound":2,"born_in_chaos_v1:corpse_fly":1,"born_in_chaos_v1:baby_skeleton":1,"aoa3:charger":2,"minecraft:spider":1,"alexsmobs:fly":1,"irons_spellbooks:summoned_skeleton":1,"born_in_chaos_v1:decrepit_skeleton":3,"minecraft:skeleton":2},"minecraft:dropped":{"aoa3:raw_charger_shank":2,"minecraft:rotten_flesh":1},"minecraft:crafted":{"minecraft:oak_planks":4,"minecraft:crafting_table":1,"minecraft:stick":16,"minecraft:wooden_pickaxe":1,"minecraft:stone_pickaxe":1,"minecraft:birch_planks":36,"minecraft:stone_axe":1},"minecraft:used":{"minecraft:iron_sword":135,"minecraft:crafting_table":1,"minecraft:cooked_beef":2},"minecraft:mined":{"minecraft:birch_log":9,"minecraft:birch_leaves":1,"minecraft:crafting_table":1,"farmersdelight:wild_tomatoes":1,"minecraft:oak_leaves":3},"minecraft:picked_up":{"minecraft:feather":4,"minecraft:birch_log":9,"born_in_chaos_v1:shattered_skull":1,"born_in_chaos_v1:corpse_maggot":2,"minecraft:crafting_table":1,"minecraft:cooked_beef":9,"aoa3:copper_coin":37,"born_in_chaos_v1:monster_flesh":2,"mmorpg:gems/azurite/0":1,"farmersdelight:tomato_seeds":1,"aoa3:scrap_metal":2,"minecraft:oak_log":1,"aoa3:carved_rune_of_direction":1,"mmorpg:weapon/staff/wood":1,"minecraft:shield":1,"minecraft:spider_eye":1,"minecraft:string":2,"born_in_chaos_v1:monster_skin":1,"minecraft:arrow":5,"minecraft:bone":16,"minecraft:rotten_flesh":7,"minecraft:slime_ball":4,"irons_spellbooks:arcane_essence":4,"minecraft:iron_helmet":5,"aoa3:raw_charger_shank":2,"aoa3:sharp_claw":2,"aoa3:tea_seeds":1,"minecraft:iron_nugget":2,"alexsmobs:maggot":2,"mmorpg:offhand/tome/iron":2,"minecraft:birch_sapling":3,"minecraft:iron_sword":2}},"DataVersion":3465}