{"stats":{"minecraft:broken":{"minecraft:iron_sword":1},"minecraft:custom":{"minecraft:blood":0,"minecraft:mob_kills":41,"minecraft:dexterity":2,"minecraft:intelligence":0,"minecraft:move_speed":0,"minecraft:interact_with_crafting_table":9,"minecraft:open_barrel":12,"minecraft:damage_dealt_resisted":280,"minecraft:time_since_death":65219,"minecraft:sleep_in_bed":1,"minecraft:levels_gained":5,"minecraft:mana":90,"minecraft:time_since_rest":52052,"minecraft:magic_shield":0,"minecraft:damage_absorbed":1618,"minecraft:damage_taken":2798,"minecraft:sprint_one_cm":157930,"minecraft:walk_one_cm":167341,"minecraft:drop":13,"minecraft:damage_dealt":8961,"minecraft:health":120,"minecraft:swim_one_cm":3952,"minecraft:fly_one_cm":183152,"minecraft:open_chest":41,"minecraft:crouch_one_cm":5742,"minecraft:play_time":65219,"minecraft:sneak_time":2312,"minecraft:walk_under_water_one_cm":1813,"minecraft:jump":1016,"minecraft:energy":110,"minecraft:walk_on_water_one_cm":1987,"minecraft:strength":2,"minecraft:total_world_time":65219,"minecraft:fall_one_cm":25344},"minecraft:killed":{"born_in_chaos_v1:fallen_chaos_knight":1,"born_in_chaos_v1:zombie_lumberjack":1,"born_in_chaos_v1:baby_skeleton":2,"born_in_chaos_v1:door_knight_not_despawn":1,"aoa3:charger":2,"undead_revamp2:the_moonflower":1,"minecraft:spider":3,"born_in_chaos_v1:zombie_bruiser":1,"born_in_chaos_v1:decrepit_skeleton":3,"born_in_chaos_v1:maggot":2,"minecraft:skeleton":6,"aoa3:chomper":1,"aoa3:goblin":1,"minecraft:zombie":8,"born_in_chaos_v1:dread_hound":3,"born_in_chaos_v1:corpse_fly":2,"alexsmobs:fly":1,"irons_spellbooks:summoned_skeleton":1},"minecraft:dropped":{"minecraft:iron_sword":1,"born_in_chaos_v1:shattered_skull":1,"minecraft:golden_helmet":1,"minecraft:glass_bottle":1,"aoa3:raw_charger_shank":2,"minecraft:rotten_flesh":5,"mmorpg:weapon/staff/wood":1,"aoa3:medium_skill_crystal":1},"minecraft:crafted":{"minecraft:oak_planks":4,"minecraft:crafting_table":1,"minecraft:wooden_pickaxe":1,"minecraft:birch_planks":64,"born_in_chaos_v1:bone_heart":1,"minecraft:stone_axe":1,"minecraft:stick":24,"minecraft:stone_pickaxe":1},"minecraft:mined":{"minecraft:crafting_table":3,"minecraft:grass_block":4,"minecraft:tall_grass":1,"minecraft:cobblestone":5,"farmersdelight:wild_tomatoes":1,"minecraft:spawner":1,"tetra:basic_workbench":1,"minecraft:birch_log":17,"upgrade_aquatic:mulberry_vine":1,"minecraft:birch_leaves":5,"minecraft:grass":1,"minecraft:oak_leaves":7},"minecraft:used":{"upgrade_aquatic:mulberry":1,"minecraft:stone_pickaxe":11,"minecraft:iron_sword":249,"simplyswords:gold_claymore":23,"minecraft:dirt":4,"simplyswords:diamond_warglaive":35,"minecraft:crafting_table":4,"minecraft:stone_axe":14,"minecraft:golden_sword":15,"minecraft:cobblestone":18,"minecraft:cooked_beef":5},"minecraft:picked_up":{"minecraft:birch_log":16,"born_in_chaos_v1:corpse_maggot":3,"minecraft:crafting_table":4,"minecraft:feather":4,"minecraft:cooked_beef":9,"aoa3:copper_coin":57,"born_in_chaos_v1:monster_flesh":2,"aoa3:medium_skill_crystal":1,"mmorpg:gems/azurite/0":1,"minecraft:oak_log":1,"aoa3:carved_rune_of_direction":1,"minecraft:shield":2,"minecraft:string":2,"minecraft:dirt":4,"minecraft:iron_leggings":6,"born_in_chaos_v1:monster_skin":1,"minecraft:bone":24,"irons_spellbooks:arcane_essence":4,"minecraft:wheat_seeds":1,"aoa3:raw_charger_shank":2,"aoa3:sharp_claw":2,"aoa3:tea_seeds":1,"minecraft:iron_nugget":4,"minecraft:mangrove_log":1,"minecraft:glass_bottle":1,"upgrade_aquatic:mulberry":1,"mmorpg:offhand/tome/iron":3,"minecraft:birch_sapling":3,"minecraft:iron_sword":3,"mmorpg:gems/opal/0":1,"born_in_chaos_v1:shattered_skull":2,"minecraft:cooked_porkchop":2,"tetra:modular_double":1,"mmorpg:stat_soul":1,"aoa3:scrap_metal":2,"farmersdelight:tomato_seeds":1,"mmorpg:weapon/staff/wood":1,"born_in_chaos_v1:pieceofdarkmetal":2,"minecraft:spider_eye":1,"minecraft:arrow":10,"minecraft:rotten_flesh":38,"minecraft:slime_ball":4,"minecraft:iron_helmet":5,"minecraft:crossbow":2,"supplementaries:ash":1,"alexsmobs:maggot":2,"minecraft:oak_sapling":3,"minecraft:coal":3,"minecraft:cobblestone":5}},"DataVersion":3465}