{"stats":{"minecraft:custom":{"minecraft:time_since_rest":4052,"minecraft:blood":0,"minecraft:magic_shield":0,"minecraft:walk_one_cm":36479,"minecraft:sprint_one_cm":35959,"minecraft:damage_taken":340,"minecraft:damage_absorbed":58,"minecraft:mob_kills":7,"minecraft:dexterity":2,"minecraft:intelligence":0,"minecraft:damage_dealt":1884,"minecraft:health":90,"minecraft:move_speed":0,"minecraft:interact_with_crafting_table":1,"minecraft:fly_one_cm":33692,"minecraft:open_chest":1,"minecraft:crouch_one_cm":33,"minecraft:play_time":17219,"minecraft:sneak_time":5,"minecraft:damage_dealt_resisted":200,"minecraft:jump":187,"minecraft:energy":80,"minecraft:time_since_death":17219,"minecraft:strength":2,"minecraft:sleep_in_bed":1,"minecraft:total_world_time":17219,"minecraft:levels_gained":2,"minecraft:mana":60,"minecraft:fall_one_cm":4683},"minecraft:killed":{"aoa3:chomper":1,"born_in_chaos_v1:dread_hound":2,"born_in_chaos_v1:corpse_fly":1,"irons_spellbooks:summoned_skeleton":1,"born_in_chaos_v1:decrepit_skeleton":2},"minecraft:crafted":{"minecraft:oak_planks":4,"minecraft:crafting_table":1,"minecraft:stick":16,"minecraft:wooden_pickaxe":1,"minecraft:birch_planks":36},"minecraft:used":{"minecraft:iron_sword":70,"minecraft:crafting_table":1,"minecraft:cooked_beef":1},"minecraft:mined":{"minecraft:birch_log":9,"minecraft:birch_leaves":1,"minecraft:crafting_table":1,"minecraft:oak_leaves":3},"minecraft:picked_up":{"minecraft:birch_log":9,"born_in_chaos_v1:shattered_skull":1,"born_in_chaos_v1:corpse_maggot":2,"minecraft:crafting_table":1,"minecraft:cooked_beef":9,"aoa3:copper_coin":19,"born_in_chaos_v1:monster_flesh":2,"mmorpg:gems/azurite/0":1,"aoa3:scrap_metal":1,"minecraft:oak_log":1,"aoa3:carved_rune_of_direction":1,"minecraft:shield":1,"born_in_chaos_v1:monster_skin":1,"minecraft:arrow":1,"minecraft:bone":6,"minecraft:rotten_flesh":6,"minecraft:slime_ball":4,"irons_spellbooks:arcane_essence":4,"minecraft:iron_helmet":3,"aoa3:sharp_claw":1,"minecraft:iron_nugget":1,"mmorpg:offhand/tome/iron":2,"minecraft:birch_sapling":3,"minecraft:iron_sword":2}},"DataVersion":3465}