{"stats":{"minecraft:broken":{"minecraft:iron_sword":1},"minecraft:custom":{"minecraft:blood":0,"minecraft:mob_kills":36,"minecraft:dexterity":2,"minecraft:intelligence":0,"minecraft:move_speed":0,"minecraft:interact_with_crafting_table":2,"minecraft:open_barrel":5,"minecraft:damage_dealt_resisted":280,"minecraft:time_since_death":53219,"minecraft:sleep_in_bed":1,"minecraft:levels_gained":5,"minecraft:mana":90,"minecraft:time_since_rest":40052,"minecraft:magic_shield":0,"minecraft:damage_absorbed":862,"minecraft:damage_taken":1916,"minecraft:sprint_one_cm":142779,"minecraft:walk_one_cm":121195,"minecraft:drop":10,"minecraft:damage_dealt":7374,"minecraft:health":120,"minecraft:swim_one_cm":3894,"minecraft:fly_one_cm":170173,"minecraft:open_chest":27,"minecraft:crouch_one_cm":5277,"minecraft:play_time":53219,"minecraft:sneak_time":2041,"minecraft:walk_under_water_one_cm":1654,"minecraft:jump":924,"minecraft:energy":110,"minecraft:walk_on_water_one_cm":1939,"minecraft:strength":2,"minecraft:total_world_time":53219,"minecraft:fall_one_cm":23143},"minecraft:killed":{"born_in_chaos_v1:fallen_chaos_knight":1,"born_in_chaos_v1:baby_skeleton":2,"born_in_chaos_v1:door_knight_not_despawn":1,"aoa3:charger":2,"minecraft:spider":1,"born_in_chaos_v1:zombie_bruiser":1,"born_in_chaos_v1:decrepit_skeleton":3,"born_in_chaos_v1:maggot":2,"minecraft:skeleton":6,"aoa3:chomper":1,"aoa3:goblin":1,"minecraft:zombie":8,"born_in_chaos_v1:dread_hound":2,"born_in_chaos_v1:corpse_fly":2,"alexsmobs:fly":1,"irons_spellbooks:summoned_skeleton":1},"minecraft:dropped":{"born_in_chaos_v1:shattered_skull":1,"minecraft:glass_bottle":1,"aoa3:raw_charger_shank":2,"minecraft:rotten_flesh":5,"aoa3:medium_skill_crystal":1},"minecraft:crafted":{"minecraft:oak_planks":4,"minecraft:crafting_table":1,"minecraft:wooden_pickaxe":1,"minecraft:birch_planks":64,"minecraft:stone_axe":1,"minecraft:stick":24,"minecraft:stone_pickaxe":1},"minecraft:mined":{"minecraft:crafting_table":1,"minecraft:grass_block":4,"minecraft:cobblestone":5,"farmersdelight:wild_tomatoes":1,"minecraft:birch_log":17,"upgrade_aquatic:mulberry_vine":1,"minecraft:birch_leaves":5,"minecraft:grass":1,"minecraft:oak_leaves":7},"minecraft:used":{"upgrade_aquatic:mulberry":1,"minecraft:stone_pickaxe":10,"minecraft:iron_sword":249,"simplyswords:gold_claymore":5,"minecraft:dirt":4,"minecraft:crafting_table":1,"minecraft:stone_axe":11,"minecraft:golden_sword":3,"minecraft:cobblestone":18,"minecraft:cooked_beef":4},"minecraft:picked_up":{"minecraft:birch_log":16,"born_in_chaos_v1:corpse_maggot":3,"minecraft:crafting_table":1,"minecraft:feather":4,"minecraft:cooked_beef":9,"aoa3:copper_coin":55,"born_in_chaos_v1:monster_flesh":2,"aoa3:medium_skill_crystal":1,"mmorpg:gems/azurite/0":1,"minecraft:oak_log":1,"aoa3:carved_rune_of_direction":1,"minecraft:shield":2,"minecraft:string":2,"minecraft:dirt":4,"minecraft:iron_leggings":1,"born_in_chaos_v1:monster_skin":1,"minecraft:bone":22,"irons_spellbooks:arcane_essence":4,"aoa3:raw_charger_shank":2,"aoa3:sharp_claw":2,"aoa3:tea_seeds":1,"minecraft:iron_nugget":3,"minecraft:glass_bottle":1,"upgrade_aquatic:mulberry":1,"mmorpg:offhand/tome/iron":3,"minecraft:birch_sapling":3,"minecraft:iron_sword":2,"mmorpg:gems/opal/0":1,"born_in_chaos_v1:shattered_skull":2,"minecraft:cooked_porkchop":2,"mmorpg:stat_soul":1,"aoa3:scrap_metal":2,"farmersdelight:tomato_seeds":1,"mmorpg:weapon/staff/wood":1,"born_in_chaos_v1:pieceofdarkmetal":2,"minecraft:spider_eye":1,"minecraft:arrow":10,"minecraft:rotten_flesh":22,"minecraft:slime_ball":4,"minecraft:iron_helmet":5,"minecraft:crossbow":2,"supplementaries:ash":1,"alexsmobs:maggot":2,"minecraft:coal":3,"minecraft:cobblestone":5}},"DataVersion":3465}