{"stats":{"minecraft:custom":{"minecraft:blood":0,"minecraft:mob_kills":31,"minecraft:dexterity":2,"minecraft:intelligence":0,"minecraft:move_speed":0,"minecraft:interact_with_crafting_table":2,"minecraft:damage_dealt_resisted":200,"minecraft:time_since_death":41219,"minecraft:sleep_in_bed":1,"minecraft:levels_gained":4,"minecraft:mana":80,"minecraft:time_since_rest":28052,"minecraft:magic_shield":0,"minecraft:damage_absorbed":724,"minecraft:damage_taken":1775,"minecraft:sprint_one_cm":128217,"minecraft:walk_one_cm":99443,"minecraft:drop":8,"minecraft:damage_dealt":6818,"minecraft:health":110,"minecraft:swim_one_cm":3894,"minecraft:fly_one_cm":159345,"minecraft:open_chest":12,"minecraft:crouch_one_cm":5246,"minecraft:play_time":41219,"minecraft:sneak_time":2034,"minecraft:walk_under_water_one_cm":1654,"minecraft:jump":847,"minecraft:energy":100,"minecraft:walk_on_water_one_cm":1939,"minecraft:strength":2,"minecraft:total_world_time":41219,"minecraft:fall_one_cm":20847},"minecraft:killed":{"born_in_chaos_v1:fallen_chaos_knight":1,"born_in_chaos_v1:baby_skeleton":2,"aoa3:charger":2,"minecraft:spider":1,"born_in_chaos_v1:zombie_bruiser":1,"born_in_chaos_v1:decrepit_skeleton":3,"born_in_chaos_v1:maggot":1,"minecraft:skeleton":6,"aoa3:chomper":1,"minecraft:zombie":7,"born_in_chaos_v1:dread_hound":2,"born_in_chaos_v1:corpse_fly":2,"alexsmobs:fly":1,"irons_spellbooks:summoned_skeleton":1},"minecraft:dropped":{"minecraft:glass_bottle":1,"aoa3:raw_charger_shank":2,"minecraft:rotten_flesh":5},"minecraft:crafted":{"minecraft:oak_planks":4,"minecraft:crafting_table":1,"minecraft:wooden_pickaxe":1,"minecraft:birch_planks":36,"minecraft:stone_axe":1,"minecraft:stick":16,"minecraft:stone_pickaxe":1},"minecraft:mined":{"minecraft:crafting_table":1,"minecraft:grass_block":4,"minecraft:cobblestone":5,"farmersdelight:wild_tomatoes":1,"minecraft:birch_log":9,"upgrade_aquatic:mulberry_vine":1,"minecraft:birch_leaves":2,"minecraft:oak_leaves":5},"minecraft:used":{"minecraft:stone_pickaxe":10,"minecraft:iron_sword":235,"minecraft:dirt":4,"minecraft:crafting_table":1,"minecraft:cobblestone":11,"minecraft:cooked_beef":4},"minecraft:picked_up":{"minecraft:birch_log":9,"born_in_chaos_v1:corpse_maggot":3,"minecraft:crafting_table":1,"minecraft:feather":4,"minecraft:cooked_beef":9,"aoa3:copper_coin":47,"born_in_chaos_v1:monster_flesh":2,"mmorpg:gems/azurite/0":1,"minecraft:oak_log":1,"aoa3:carved_rune_of_direction":1,"minecraft:shield":2,"minecraft:string":2,"minecraft:dirt":4,"born_in_chaos_v1:monster_skin":1,"minecraft:bone":20,"irons_spellbooks:arcane_essence":4,"aoa3:raw_charger_shank":2,"aoa3:sharp_claw":2,"aoa3:tea_seeds":1,"minecraft:iron_nugget":3,"minecraft:glass_bottle":1,"upgrade_aquatic:mulberry":1,"mmorpg:offhand/tome/iron":3,"minecraft:birch_sapling":3,"minecraft:iron_sword":2,"mmorpg:gems/opal/0":1,"born_in_chaos_v1:shattered_skull":1,"mmorpg:stat_soul":1,"aoa3:scrap_metal":2,"farmersdelight:tomato_seeds":1,"mmorpg:weapon/staff/wood":1,"born_in_chaos_v1:pieceofdarkmetal":2,"minecraft:spider_eye":1,"minecraft:arrow":9,"minecraft:rotten_flesh":18,"minecraft:slime_ball":4,"minecraft:iron_helmet":5,"minecraft:crossbow":2,"alexsmobs:maggot":2,"minecraft:coal":3,"minecraft:cobblestone":5}},"DataVersion":3465}