{"stats":{"minecraft:custom":{"minecraft:time_since_rest":5219,"minecraft:blood":0,"minecraft:magic_shield":0,"minecraft:crouch_one_cm":33,"minecraft:play_time":5219,"minecraft:sprint_one_cm":522,"minecraft:walk_one_cm":1845,"minecraft:sneak_time":5,"minecraft:dexterity":0,"minecraft:jump":14,"minecraft:intelligence":0,"minecraft:energy":50,"minecraft:health":70,"minecraft:time_since_death":5219,"minecraft:move_speed":0,"minecraft:strength":0,"minecraft:total_world_time":5219,"minecraft:mana":50,"minecraft:fly_one_cm":494},"minecraft:crafted":{"minecraft:birch_planks":36,"minecraft:stick":16},"minecraft:mined":{"minecraft:birch_log":9,"minecraft:birch_leaves":1},"minecraft:picked_up":{"minecraft:birch_log":9,"minecraft:birch_sapling":3,"minecraft:iron_sword":2}},"DataVersion":3465}