{"stats":{"minecraft:broken":{"minecraft:stone_axe":1},"minecraft:custom":{"minecraft:time_since_rest":30913,"minecraft:blood":0,"minecraft:magic_shield":0,"minecraft:sprint_one_cm":73100,"minecraft:walk_one_cm":103688,"minecraft:damage_taken":858,"minecraft:damage_absorbed":336,"minecraft:mob_kills":3,"minecraft:dexterity":9,"minecraft:intelligence":6,"minecraft:damage_dealt":1556,"minecraft:health":105,"minecraft:move_speed":0,"minecraft:swim_one_cm":1139,"minecraft:interact_with_crafting_table":3,"minecraft:fly_one_cm":55909,"minecraft:open_chest":10,"minecraft:crouch_one_cm":486,"minecraft:play_time":30913,"minecraft:sneak_time":583,"minecraft:walk_under_water_one_cm":6255,"minecraft:damage_dealt_resisted":280,"minecraft:jump":454,"minecraft:energy":140,"minecraft:leave_game":1,"minecraft:walk_on_water_one_cm":7385,"minecraft:time_since_death":30913,"minecraft:strength":7,"minecraft:total_world_time":30913,"minecraft:fall_one_cm":8331,"minecraft:mana":110},"minecraft:killed":{"minecraft:zombie":2,"born_in_chaos_v1:decrepit_skeleton":1},"minecraft:crafted":{"minecraft:oak_planks":16,"minecraft:crafting_table":1,"minecraft:stick":4,"minecraft:wooden_pickaxe":1,"minecraft:stone_axe":2},"minecraft:mined":{"minecraft:magma_block":2,"minecraft:crafting_table":2,"minecraft:grass":4,"biomesoplenty:bush":1,"minecraft:oak_log":68,"minecraft:chest":1,"minecraft:rose_bush":1,"minecraft:stone":10,"minecraft:oak_leaves":169},"minecraft:used":{"minecraft:cooked_mutton":3,"minecraft:wooden_pickaxe":12,"minecraft:iron_sword":52,"minecraft:stone_axe":175,"minecraft:crafting_table":2,"minecraft:oak_sapling":35,"alexsmobs:animal_dictionary":1},"minecraft:picked_up":{"minecraft:magma_block":2,"minecraft:stick":20,"minecraft:crafting_table":2,"aoa3:copper_coin":5,"croptopia:blackberry_seed":2,"croptopia:blackberry":1,"minecraft:oak_log":68,"mmorpg:weapon/staff/wood":1,"aoa3:carved_rune_of_travel":1,"minecraft:cooked_mutton":10,"minecraft:bone":2,"minecraft:rotten_flesh":9,"minecraft:apple":2,"minecraft:bow":3,"minecraft:bucket":1,"minecraft:oak_sapling":45,"minecraft:chest":1,"minecraft:iron_sword":1,"undead_revamp2:arapholia":1,"minecraft:cobblestone":10,"minecraft:egg":2}},"DataVersion":3465}