{"stats":{"minecraft:custom":{"minecraft:time_since_rest":7878,"minecraft:blood":0,"minecraft:magic_shield":0,"minecraft:crouch_one_cm":136,"minecraft:play_time":7878,"minecraft:sprint_one_cm":20019,"minecraft:damage_taken":10,"minecraft:walk_one_cm":11955,"minecraft:sneak_time":93,"minecraft:walk_under_water_one_cm":2013,"minecraft:dexterity":0,"minecraft:jump":77,"minecraft:intelligence":1,"minecraft:energy":50,"minecraft:walk_on_water_one_cm":910,"minecraft:health":75,"minecraft:time_since_death":7878,"minecraft:move_speed":0,"minecraft:strength":1,"minecraft:total_world_time":7878,"minecraft:interact_with_crafting_table":1,"minecraft:fall_one_cm":2185,"minecraft:mana":60,"minecraft:fly_one_cm":12971},"minecraft:crafted":{"minecraft:oak_planks":16,"minecraft:stick":4},"minecraft:used":{"minecraft:crafting_table":1},"minecraft:mined":{"minecraft:grass":3,"minecraft:oak_log":4,"minecraft:rose_bush":1,"minecraft:oak_leaves":11,"minecraft:crafting_table":1},"minecraft:picked_up":{"minecraft:stick":3,"minecraft:crafting_table":1,"minecraft:bow":2,"minecraft:oak_log":4,"mmorpg:weapon/staff/wood":1,"minecraft:iron_sword":1}},"DataVersion":3465}