{"stats":{"minecraft:broken":{"minecraft:wooden_pickaxe":1,"minecraft:stone_pickaxe":7,"minecraft:stone_axe":1,"minecraft:iron_pickaxe":7,"minecraft:stone_shovel":2},"minecraft:custom":{"minecraft:interact_with_smithing_table":1,"minecraft:blood":0,"minecraft:mob_kills":58,"minecraft:dexterity":15,"minecraft:interact_with_crafting_table":19,"minecraft:open_barrel":11,"goblintraders:trade_with_goblin":39,"minecraft:damage_dealt_resisted":674,"minecraft:leave_game":1,"minecraft:time_since_death":186913,"minecraft:mana":175,"minecraft:magic_shield":0,"minecraft:sprint_one_cm":283946,"minecraft:walk_one_cm":632468,"minecraft:drop":2,"minecraft:health":209,"minecraft:talked_to_villager":12,"minecraft:play_time":186913,"minecraft:sneak_time":27834,"minecraft:walk_under_water_one_cm":39889,"minecraft:jump":2594,"minecraft:energy":240,"minecraft:walk_on_water_one_cm":59265,"minecraft:total_world_time":186913,"minecraft:interact_with_furnace":1,"minecraft:intelligence":6,"minecraft:move_speed":0,"minecraft:sleep_in_bed":1,"minecraft:levels_gained":6,"minecraft:time_since_rest":123153,"minecraft:damage_taken":3277,"minecraft:damage_absorbed":1648,"minecraft:damage_dealt":4605,"minecraft:swim_one_cm":30404,"minecraft:fly_one_cm":193359,"minecraft:open_chest":28,"minecraft:crouch_one_cm":111505,"minecraft:strength":15,"minecraft:fall_one_cm":42308},"minecraft:killed":{"born_in_chaos_v1:lifestealer_true_form":1,"born_in_chaos_v1:zombie_lumberjack":1,"born_in_chaos_v1:siamese_skeletonsright":2,"born_in_chaos_v1:maggot":7,"minecraft:skeleton":2,"minecraft:horse":2,"minecraft:chicken":1,"realmrpg_demons:chort":2,"born_in_chaos_v1:corpse_fish":1,"undead_revamp2:the_moonflower":8,"minecraft:creeper":4,"born_in_chaos_v1:decrepit_skeleton":3,"born_in_chaos_v1:bloody_gadfly":1,"minecraft:zombie":11,"born_in_chaos_v1:dread_hound":2,"born_in_chaos_v1:corpse_fly":2,"born_in_chaos_v1:dark_vortex":1,"born_in_chaos_v1:nightmare_stalker":1,"born_in_chaos_v1:door_knight":2,"born_in_chaos_v1:siamese_skeletonsleft":2,"minecraft:cow":2},"minecraft:dropped":{"minecraft:rotten_flesh":11,"mmorpg:jewelry/necklace/iron":1},"minecraft:crafted":{"minecraft:oak_planks":276,"minecraft:coal":3,"minecraft:stone_shovel":3,"minecraft:stone_pickaxe":7,"minecraft:chest":8,"sophisticatedbackpacks:iron_backpack":1,"sophisticatedbackpacks:backpack":1,"minecraft:crafting_table":1,"minecraft:wooden_pickaxe":1,"minecraft:copper_ingot":14,"minecraft:stone_axe":2,"minecraft:air":0,"minecraft:stick":40,"minecraft:iron_ingot":58,"minecraft:iron_pickaxe":8,"minecraft:torch":72},"minecraft:mined":{"upgrade_aquatic:embedded_ammonite":1,"minecraft:granite":329,"biomesoplenty:bush":1,"minecraft:grass_block":1,"minecraft:magma_block":2,"minecraft:iron_ore":38,"minecraft:andesite":328,"minecraft:stone":2122,"minecraft:crafting_table":3,"minecraft:torch":2,"minecraft:chest":1,"minecraft:rose_bush":1,"minecraft:tall_grass":1,"minecraft:copper_ore":8,"minecraft:cobblestone":68,"minecraft:lapis_ore":1,"minecraft:oak_planks":1,"minecraft:wall_torch":1,"aoa3:limonite_ore":26,"tetra:basic_workbench":1,"minecraft:grass":4,"minecraft:oak_log":68,"minecraft:coal_ore":30,"minecraft:gravel":236,"minecraft:dirt":88,"minecraft:cobweb":5,"epicpaladins:arclight_ore":9,"minecraft:oak_leaves":169},"minecraft:used":{"minecraft:stone_shovel":305,"minecraft:chest":3,"minecraft:iron_sword":159,"minecraft:torch":89,"minecraft:dirt":1,"minecraft:iron_boots":2,"minecraft:bow":1,"minecraft:oak_sapling":45,"minecraft:cooked_mutton":10,"croptopia:lemon":1,"minecraft:stone_pickaxe":914,"minecraft:oak_planks":15,"minecraft:wooden_pickaxe":59,"minecraft:crafting_table":4,"minecraft:iron_pickaxe":2000,"minecraft:stone_axe":178,"minecraft:cobblestone":307,"croptopia:blackberry":1,"alexsmobs:animal_dictionary":2,"minecraft:experience_bottle":1},"minecraft:picked_up":{"minecraft:iron_chestplate":1,"minecraft:crafting_table":4,"mmorpg:gems/topaz/0":1,"minecraft:wheat":4,"minecraft:chicken":1,"aoa3:copper_coin":56,"mmorpg:gems/sapphire/0":1,"born_in_chaos_v1:seedof_chaos":4,"mmorpg:jewelry/ring/iron":1,"minecraft:string":5,"minecraft:raw_copper":33,"minecraft:item_frame":1,"minecraft:experience_bottle":1,"minecraft:bucket":1,"minecraft:beef":6,"aoa3:small_skill_crystal":1,"minecraft:iron_nugget":3,"upgrade_aquatic:embedded_ammonite":1,"minecraft:chest":1,"minecraft:iron_boots":3,"minecraft:egg":2,"minecraft:stick":20,"minecraft:raw_iron":38,"epicpaladins:arclight_gem":10,"minecraft:torch":17,"croptopia:blackberry_seed":2,"mmorpg:jewelry/necklace/iron":3,"aoa3:carved_rune_of_travel":2,"minecraft:carrot":1,"born_in_chaos_v1:nightmare_claw":1,"born_in_chaos_v1:pieceofdarkmetal":7,"mmorpg:skill_gems/support/int":1,"minecraft:arrow":2,"minecraft:rotten_flesh":31,"aoa3:raw_limonite":28,"undead_revamp2:arapholia":5,"minecraft:cobblestone":2191,"born_in_chaos_v1:fused_bone":4,"born_in_chaos_v1:corpse_maggot":3,"minecraft:magma_block":2,"aoa3:carved_rune_of_reality":1,"born_in_chaos_v1:monster_flesh":6,"minecraft:andesite":328,"minecraft:leather":5,"minecraft:flint":23,"minecraft:oak_log":69,"minecraft:gunpowder":4,"minecraft:lapis_lazuli":6,"minecraft:dirt":88,"born_in_chaos_v1:monster_skin":2,"minecraft:cooked_mutton":10,"minecraft:bone":10,"minecraft:apple":2,"undead_revamp2:blacpetalblock":1,"minecraft:bow":5,"minecraft:wheat_seeds":2,"minecraft:iron_sword":2,"minecraft:oak_planks":1,"mmorpg:skill_gems/support/str":1,"born_in_chaos_v1:lifestealer_bone":3,"born_in_chaos_v1:ethereal_spirit":1,"croptopia:blackberry":1,"minecraft:gravel":214,"mmorpg:stat_soul":1,"born_in_chaos_v1:dark_rod":1,"aoa3:scrap_metal":6,"mmorpg:weapon/staff/wood":3,"minecraft:dark_oak_log":2,"croptopia:lemon":1,"minecraft:iron_helmet":2,"minecraft:granite":327,"minecraft:oak_sapling":45,"born_in_chaos_v1:rotten_fish":2,"minecraft:coal":34}},"DataVersion":3465}