{"stats":{"minecraft:broken":{"minecraft:stone_axe":1},"minecraft:custom":{"minecraft:interact_with_smithing_table":1,"minecraft:blood":0,"minecraft:mob_kills":16,"minecraft:dexterity":9,"minecraft:intelligence":6,"minecraft:move_speed":0,"minecraft:interact_with_crafting_table":4,"minecraft:open_barrel":11,"minecraft:damage_dealt_resisted":378,"minecraft:leave_game":1,"minecraft:time_since_death":54913,"minecraft:levels_gained":2,"minecraft:mana":120,"minecraft:time_since_rest":54913,"minecraft:magic_shield":0,"minecraft:sprint_one_cm":142294,"minecraft:damage_absorbed":1019,"minecraft:damage_taken":1630,"minecraft:walk_one_cm":207851,"minecraft:drop":2,"minecraft:damage_dealt":2986,"minecraft:health":128,"minecraft:swim_one_cm":2317,"minecraft:talked_to_villager":9,"minecraft:fly_one_cm":87039,"minecraft:open_chest":15,"minecraft:crouch_one_cm":1392,"minecraft:play_time":54913,"minecraft:sneak_time":971,"minecraft:walk_under_water_one_cm":8181,"minecraft:jump":764,"minecraft:energy":150,"minecraft:walk_on_water_one_cm":9903,"minecraft:strength":9,"minecraft:total_world_time":54913,"minecraft:fall_one_cm":19515},"minecraft:killed":{"born_in_chaos_v1:decrepit_skeleton":1,"born_in_chaos_v1:maggot":2,"minecraft:horse":2,"minecraft:zombie":2,"born_in_chaos_v1:dread_hound":1,"minecraft:chicken":1,"born_in_chaos_v1:corpse_fly":2,"realmrpg_demons:chort":2,"born_in_chaos_v1:door_knight":1,"minecraft:cow":2},"minecraft:dropped":{"minecraft:rotten_flesh":11,"mmorpg:jewelry/necklace/iron":1},"minecraft:crafted":{"minecraft:oak_planks":16,"sophisticatedbackpacks:backpack":1,"minecraft:crafting_table":1,"minecraft:wooden_pickaxe":1,"minecraft:stone_axe":2,"minecraft:stick":4},"minecraft:mined":{"minecraft:crafting_table":3,"biomesoplenty:bush":1,"minecraft:chest":1,"minecraft:rose_bush":1,"minecraft:tall_grass":1,"minecraft:magma_block":2,"tetra:basic_workbench":1,"minecraft:grass":4,"minecraft:coal_ore":10,"minecraft:oak_log":68,"minecraft:cobweb":5,"minecraft:stone":12,"minecraft:oak_leaves":169},"minecraft:used":{"minecraft:cooked_mutton":4,"croptopia:lemon":1,"minecraft:wooden_pickaxe":24,"minecraft:iron_sword":111,"minecraft:crafting_table":3,"minecraft:stone_axe":177,"minecraft:oak_sapling":45,"croptopia:blackberry":1,"alexsmobs:animal_dictionary":2,"minecraft:experience_bottle":1},"minecraft:picked_up":{"minecraft:crafting_table":4,"minecraft:magma_block":2,"minecraft:wheat":4,"aoa3:copper_coin":11,"minecraft:chicken":1,"born_in_chaos_v1:monster_flesh":1,"minecraft:leather":5,"minecraft:oak_log":68,"minecraft:string":5,"born_in_chaos_v1:monster_skin":1,"minecraft:cooked_mutton":10,"minecraft:item_frame":1,"minecraft:experience_bottle":1,"minecraft:bone":3,"minecraft:apple":2,"minecraft:bow":3,"minecraft:wheat_seeds":1,"minecraft:bucket":1,"minecraft:beef":6,"minecraft:chest":1,"minecraft:iron_sword":2,"minecraft:egg":2,"minecraft:stick":20,"croptopia:blackberry_seed":2,"croptopia:blackberry":1,"aoa3:scrap_metal":1,"mmorpg:jewelry/necklace/iron":2,"minecraft:carrot":1,"aoa3:carved_rune_of_travel":1,"mmorpg:weapon/staff/wood":2,"croptopia:lemon":1,"minecraft:rotten_flesh":13,"minecraft:oak_sapling":45,"undead_revamp2:arapholia":1,"minecraft:coal":12,"minecraft:cobblestone":12}},"DataVersion":3465}