{"stats":{"minecraft:broken":{"minecraft:stone_axe":1},"minecraft:custom":{"minecraft:time_since_rest":18913,"minecraft:blood":0,"minecraft:magic_shield":0,"minecraft:sprint_one_cm":37811,"minecraft:walk_one_cm":68108,"minecraft:damage_taken":807,"minecraft:damage_absorbed":336,"minecraft:mob_kills":3,"minecraft:dexterity":0,"minecraft:intelligence":1,"minecraft:damage_dealt":1444,"minecraft:health":75,"minecraft:move_speed":0,"minecraft:interact_with_crafting_table":2,"minecraft:fly_one_cm":33345,"minecraft:open_chest":9,"minecraft:crouch_one_cm":486,"minecraft:play_time":18913,"minecraft:sneak_time":583,"minecraft:walk_under_water_one_cm":3002,"minecraft:damage_dealt_resisted":280,"minecraft:jump":284,"minecraft:energy":50,"minecraft:leave_game":1,"minecraft:walk_on_water_one_cm":1804,"minecraft:time_since_death":18913,"minecraft:strength":1,"minecraft:total_world_time":18913,"minecraft:fall_one_cm":6483,"minecraft:mana":60},"minecraft:killed":{"minecraft:zombie":2,"born_in_chaos_v1:decrepit_skeleton":1},"minecraft:crafted":{"minecraft:oak_planks":16,"minecraft:stick":4,"minecraft:wooden_pickaxe":1,"minecraft:stone_axe":1},"minecraft:mined":{"minecraft:crafting_table":1,"minecraft:grass":3,"biomesoplenty:bush":1,"minecraft:oak_log":42,"minecraft:rose_bush":1,"minecraft:stone":10,"minecraft:oak_leaves":101},"minecraft:used":{"minecraft:wooden_pickaxe":10,"minecraft:iron_sword":48,"minecraft:stone_axe":130,"minecraft:crafting_table":1},"minecraft:picked_up":{"minecraft:stick":13,"minecraft:crafting_table":1,"aoa3:copper_coin":5,"minecraft:oak_log":42,"mmorpg:weapon/staff/wood":1,"aoa3:carved_rune_of_travel":1,"minecraft:bone":2,"minecraft:rotten_flesh":4,"minecraft:apple":2,"minecraft:bow":3,"minecraft:bucket":1,"minecraft:oak_sapling":33,"minecraft:iron_sword":1,"undead_revamp2:arapholia":1,"minecraft:cobblestone":10,"minecraft:egg":2}},"DataVersion":3465}