{"stats":{"minecraft:broken":{"minecraft:stone_axe":1,"minecraft:stone_pickaxe":3,"minecraft:wooden_pickaxe":1},"minecraft:custom":{"minecraft:interact_with_smithing_table":1,"minecraft:blood":0,"minecraft:interact_with_furnace":1,"minecraft:mob_kills":54,"minecraft:dexterity":15,"minecraft:intelligence":6,"minecraft:move_speed":0,"minecraft:interact_with_crafting_table":9,"minecraft:open_barrel":11,"minecraft:damage_dealt_resisted":674,"minecraft:leave_game":1,"minecraft:time_since_death":108913,"minecraft:sleep_in_bed":1,"minecraft:levels_gained":6,"minecraft:mana":175,"minecraft:time_since_rest":45153,"minecraft:magic_shield":0,"minecraft:sprint_one_cm":242575,"minecraft:damage_absorbed":1627,"minecraft:damage_taken":2754,"minecraft:walk_one_cm":407564,"minecraft:drop":2,"minecraft:damage_dealt":4574,"minecraft:health":209,"minecraft:swim_one_cm":30404,"minecraft:talked_to_villager":12,"minecraft:fly_one_cm":151524,"minecraft:open_chest":17,"minecraft:crouch_one_cm":8547,"minecraft:play_time":108913,"minecraft:sneak_time":3553,"minecraft:walk_under_water_one_cm":30475,"minecraft:jump":1388,"minecraft:energy":240,"minecraft:walk_on_water_one_cm":50907,"minecraft:strength":15,"minecraft:total_world_time":108913,"minecraft:fall_one_cm":32266},"minecraft:killed":{"born_in_chaos_v1:lifestealer_true_form":1,"born_in_chaos_v1:zombie_lumberjack":1,"undead_revamp2:the_moonflower":5,"born_in_chaos_v1:siamese_skeletonsright":2,"minecraft:creeper":4,"born_in_chaos_v1:decrepit_skeleton":3,"born_in_chaos_v1:maggot":7,"minecraft:horse":2,"minecraft:skeleton":2,"born_in_chaos_v1:bloody_gadfly":1,"minecraft:zombie":10,"born_in_chaos_v1:dread_hound":2,"minecraft:chicken":1,"born_in_chaos_v1:corpse_fly":2,"born_in_chaos_v1:dark_vortex":1,"realmrpg_demons:chort":2,"born_in_chaos_v1:nightmare_stalker":1,"born_in_chaos_v1:corpse_fish":1,"born_in_chaos_v1:door_knight":2,"born_in_chaos_v1:siamese_skeletonsleft":2,"minecraft:cow":2},"minecraft:dropped":{"minecraft:rotten_flesh":11,"mmorpg:jewelry/necklace/iron":1},"minecraft:crafted":{"minecraft:oak_planks":276,"minecraft:stone_shovel":2,"sophisticatedbackpacks:backpack":1,"minecraft:crafting_table":1,"minecraft:wooden_pickaxe":1,"minecraft:stone_axe":2,"minecraft:stick":12,"minecraft:stone_pickaxe":4,"minecraft:chest":8,"minecraft:torch":56},"minecraft:mined":{"minecraft:crafting_table":3,"minecraft:torch":2,"minecraft:granite":69,"biomesoplenty:bush":1,"minecraft:grass_block":1,"minecraft:chest":1,"minecraft:rose_bush":1,"minecraft:copper_ore":2,"minecraft:tall_grass":1,"minecraft:cobblestone":12,"minecraft:oak_planks":1,"aoa3:limonite_ore":10,"minecraft:magma_block":2,"tetra:basic_workbench":1,"minecraft:iron_ore":8,"minecraft:andesite":33,"minecraft:grass":4,"minecraft:coal_ore":10,"minecraft:oak_log":68,"minecraft:gravel":16,"minecraft:dirt":58,"minecraft:cobweb":5,"minecraft:stone":423,"minecraft:oak_leaves":169},"minecraft:used":{"minecraft:cooked_mutton":9,"croptopia:lemon":1,"minecraft:stone_shovel":60,"minecraft:stone_pickaxe":517,"minecraft:oak_planks":15,"minecraft:chest":3,"minecraft:wooden_pickaxe":59,"minecraft:iron_sword":159,"minecraft:torch":67,"minecraft:dirt":1,"minecraft:crafting_table":4,"minecraft:iron_boots":2,"minecraft:stone_axe":178,"minecraft:cobblestone":72,"minecraft:bow":1,"minecraft:oak_sapling":45,"croptopia:blackberry":1,"alexsmobs:animal_dictionary":2,"minecraft:experience_bottle":1},"minecraft:picked_up":{"mmorpg:gems/topaz/0":1,"born_in_chaos_v1:corpse_maggot":3,"minecraft:crafting_table":4,"minecraft:magma_block":2,"minecraft:wheat":4,"mmorpg:gems/sapphire/0":1,"aoa3:carved_rune_of_reality":1,"aoa3:copper_coin":50,"minecraft:chicken":1,"born_in_chaos_v1:monster_flesh":6,"minecraft:andesite":33,"born_in_chaos_v1:seedof_chaos":4,"minecraft:leather":5,"mmorpg:jewelry/ring/iron":1,"minecraft:flint":1,"minecraft:oak_log":69,"minecraft:gunpowder":4,"minecraft:dirt":56,"minecraft:string":5,"minecraft:raw_copper":7,"born_in_chaos_v1:monster_skin":2,"minecraft:cooked_mutton":10,"minecraft:item_frame":1,"minecraft:experience_bottle":1,"minecraft:bone":10,"minecraft:apple":2,"undead_revamp2:blacpetalblock":1,"minecraft:bow":5,"minecraft:wheat_seeds":2,"minecraft:bucket":1,"aoa3:small_skill_crystal":1,"minecraft:beef":6,"minecraft:iron_nugget":3,"minecraft:chest":1,"minecraft:oak_planks":1,"minecraft:iron_sword":2,"minecraft:iron_boots":3,"minecraft:egg":2,"mmorpg:skill_gems/support/str":1,"minecraft:raw_iron":8,"minecraft:stick":20,"born_in_chaos_v1:lifestealer_bone":3,"born_in_chaos_v1:ethereal_spirit":1,"minecraft:torch":12,"croptopia:blackberry_seed":2,"croptopia:blackberry":1,"minecraft:gravel":15,"mmorpg:stat_soul":1,"born_in_chaos_v1:nightmare_claw":1,"born_in_chaos_v1:dark_rod":1,"aoa3:scrap_metal":6,"mmorpg:jewelry/necklace/iron":3,"mmorpg:skill_gems/support/int":1,"born_in_chaos_v1:pieceofdarkmetal":7,"minecraft:carrot":1,"aoa3:carved_rune_of_travel":2,"mmorpg:weapon/staff/wood":3,"minecraft:dark_oak_log":2,"croptopia:lemon":1,"minecraft:arrow":2,"minecraft:rotten_flesh":26,"minecraft:iron_helmet":2,"minecraft:granite":67,"aoa3:raw_limonite":10,"born_in_chaos_v1:rotten_fish":2,"minecraft:oak_sapling":45,"undead_revamp2:arapholia":5,"minecraft:coal":14,"minecraft:iron_chestplate":1,"minecraft:cobblestone":398,"born_in_chaos_v1:fused_bone":4}},"DataVersion":3465}