{"stats":{"minecraft:broken":{"minecraft:stone_axe":1,"minecraft:wooden_pickaxe":1},"minecraft:custom":{"minecraft:interact_with_smithing_table":1,"minecraft:blood":0,"minecraft:interact_with_furnace":1,"minecraft:mob_kills":50,"minecraft:dexterity":12,"minecraft:intelligence":6,"minecraft:move_speed":0,"minecraft:interact_with_crafting_table":6,"minecraft:open_barrel":11,"minecraft:damage_dealt_resisted":614,"minecraft:leave_game":1,"minecraft:time_since_death":84913,"minecraft:sleep_in_bed":1,"minecraft:levels_gained":5,"minecraft:mana":164,"minecraft:time_since_rest":21153,"minecraft:magic_shield":0,"minecraft:sprint_one_cm":230218,"minecraft:damage_absorbed":1229,"minecraft:damage_taken":2359,"minecraft:walk_one_cm":331446,"minecraft:drop":2,"minecraft:damage_dealt":4152,"minecraft:health":179,"minecraft:swim_one_cm":30404,"minecraft:talked_to_villager":12,"minecraft:fly_one_cm":139281,"minecraft:open_chest":16,"minecraft:crouch_one_cm":2638,"minecraft:play_time":84913,"minecraft:sneak_time":1364,"minecraft:walk_under_water_one_cm":19584,"minecraft:jump":1220,"minecraft:energy":210,"minecraft:walk_on_water_one_cm":35768,"minecraft:strength":12,"minecraft:total_world_time":84913,"minecraft:fall_one_cm":30653},"minecraft:killed":{"born_in_chaos_v1:lifestealer_true_form":1,"born_in_chaos_v1:zombie_lumberjack":1,"undead_revamp2:the_moonflower":5,"born_in_chaos_v1:siamese_skeletonsright":2,"minecraft:creeper":4,"born_in_chaos_v1:decrepit_skeleton":3,"born_in_chaos_v1:maggot":5,"minecraft:horse":2,"minecraft:skeleton":2,"born_in_chaos_v1:bloody_gadfly":1,"minecraft:zombie":9,"born_in_chaos_v1:dread_hound":2,"minecraft:chicken":1,"born_in_chaos_v1:corpse_fly":2,"born_in_chaos_v1:dark_vortex":1,"realmrpg_demons:chort":2,"born_in_chaos_v1:corpse_fish":1,"born_in_chaos_v1:door_knight":2,"born_in_chaos_v1:siamese_skeletonsleft":2,"minecraft:cow":2},"minecraft:dropped":{"minecraft:rotten_flesh":11,"mmorpg:jewelry/necklace/iron":1},"minecraft:crafted":{"minecraft:oak_planks":276,"sophisticatedbackpacks:backpack":1,"minecraft:crafting_table":1,"minecraft:wooden_pickaxe":1,"minecraft:stone_axe":2,"minecraft:stick":4,"minecraft:stone_pickaxe":1,"minecraft:chest":1,"minecraft:torch":56},"minecraft:mined":{"minecraft:crafting_table":3,"minecraft:torch":2,"minecraft:granite":5,"biomesoplenty:bush":1,"minecraft:grass_block":1,"minecraft:chest":1,"minecraft:rose_bush":1,"minecraft:tall_grass":1,"minecraft:oak_planks":1,"minecraft:magma_block":2,"tetra:basic_workbench":1,"minecraft:andesite":12,"minecraft:grass":4,"minecraft:coal_ore":10,"minecraft:oak_log":68,"minecraft:gravel":7,"minecraft:cobweb":5,"minecraft:stone":44,"minecraft:oak_leaves":169},"minecraft:used":{"minecraft:cooked_mutton":9,"croptopia:lemon":1,"minecraft:stone_pickaxe":15,"minecraft:oak_planks":15,"minecraft:chest":1,"minecraft:wooden_pickaxe":59,"minecraft:iron_sword":148,"minecraft:torch":55,"minecraft:dirt":1,"minecraft:crafting_table":4,"minecraft:iron_boots":2,"minecraft:stone_axe":178,"minecraft:bow":1,"minecraft:oak_sapling":45,"croptopia:blackberry":1,"alexsmobs:animal_dictionary":2,"minecraft:experience_bottle":1},"minecraft:picked_up":{"mmorpg:gems/topaz/0":1,"born_in_chaos_v1:corpse_maggot":3,"minecraft:crafting_table":4,"minecraft:magma_block":2,"minecraft:wheat":4,"aoa3:carved_rune_of_reality":1,"aoa3:copper_coin":46,"minecraft:chicken":1,"born_in_chaos_v1:monster_flesh":2,"minecraft:andesite":12,"born_in_chaos_v1:seedof_chaos":4,"minecraft:leather":5,"mmorpg:jewelry/ring/iron":1,"minecraft:flint":1,"minecraft:oak_log":69,"minecraft:gunpowder":2,"minecraft:dirt":1,"minecraft:string":5,"born_in_chaos_v1:monster_skin":2,"minecraft:cooked_mutton":10,"minecraft:item_frame":1,"minecraft:experience_bottle":1,"minecraft:bone":10,"minecraft:apple":2,"undead_revamp2:blacpetalblock":1,"minecraft:bow":5,"minecraft:wheat_seeds":2,"minecraft:bucket":1,"aoa3:small_skill_crystal":1,"minecraft:beef":6,"minecraft:iron_nugget":3,"minecraft:chest":1,"minecraft:oak_planks":1,"minecraft:iron_sword":2,"minecraft:iron_boots":3,"minecraft:egg":2,"mmorpg:skill_gems/support/str":1,"minecraft:stick":20,"born_in_chaos_v1:lifestealer_bone":3,"born_in_chaos_v1:ethereal_spirit":1,"minecraft:torch":5,"croptopia:blackberry_seed":2,"croptopia:blackberry":1,"minecraft:gravel":6,"mmorpg:stat_soul":1,"born_in_chaos_v1:dark_rod":1,"aoa3:scrap_metal":6,"mmorpg:jewelry/necklace/iron":2,"mmorpg:skill_gems/support/int":1,"born_in_chaos_v1:pieceofdarkmetal":7,"minecraft:carrot":1,"aoa3:carved_rune_of_travel":2,"mmorpg:weapon/staff/wood":3,"minecraft:dark_oak_log":2,"croptopia:lemon":1,"minecraft:arrow":2,"minecraft:rotten_flesh":26,"minecraft:iron_helmet":2,"minecraft:granite":5,"born_in_chaos_v1:rotten_fish":2,"minecraft:oak_sapling":45,"undead_revamp2:arapholia":5,"minecraft:coal":14,"minecraft:iron_chestplate":1,"minecraft:cobblestone":44,"born_in_chaos_v1:fused_bone":4}},"DataVersion":3465}