{"stats":{"minecraft:broken":{"minecraft:stone_axe":1},"minecraft:custom":{"minecraft:interact_with_smithing_table":1,"minecraft:blood":0,"minecraft:interact_with_furnace":1,"minecraft:mob_kills":40,"minecraft:dexterity":12,"minecraft:intelligence":6,"minecraft:move_speed":0,"minecraft:interact_with_crafting_table":5,"minecraft:open_barrel":11,"minecraft:damage_dealt_resisted":378,"minecraft:leave_game":1,"minecraft:time_since_death":72913,"minecraft:sleep_in_bed":1,"minecraft:levels_gained":5,"minecraft:mana":158,"minecraft:time_since_rest":9153,"minecraft:magic_shield":0,"minecraft:sprint_one_cm":215363,"minecraft:damage_absorbed":1139,"minecraft:damage_taken":2137,"minecraft:walk_one_cm":286033,"minecraft:drop":2,"minecraft:damage_dealt":3763,"minecraft:health":174,"minecraft:swim_one_cm":30404,"minecraft:talked_to_villager":12,"minecraft:fly_one_cm":127984,"minecraft:open_chest":16,"minecraft:crouch_one_cm":1575,"minecraft:play_time":72913,"minecraft:sneak_time":1078,"minecraft:walk_under_water_one_cm":12412,"minecraft:jump":1081,"minecraft:energy":210,"minecraft:walk_on_water_one_cm":23109,"minecraft:strength":12,"minecraft:total_world_time":72913,"minecraft:fall_one_cm":28559},"minecraft:killed":{"born_in_chaos_v1:lifestealer_true_form":1,"born_in_chaos_v1:zombie_lumberjack":1,"undead_revamp2:the_moonflower":5,"born_in_chaos_v1:siamese_skeletonsright":2,"minecraft:creeper":3,"born_in_chaos_v1:decrepit_skeleton":2,"born_in_chaos_v1:maggot":5,"minecraft:horse":2,"born_in_chaos_v1:bloody_gadfly":1,"minecraft:zombie":5,"born_in_chaos_v1:dread_hound":2,"minecraft:chicken":1,"born_in_chaos_v1:corpse_fly":2,"born_in_chaos_v1:dark_vortex":1,"realmrpg_demons:chort":2,"born_in_chaos_v1:door_knight":1,"born_in_chaos_v1:siamese_skeletonsleft":2,"minecraft:cow":2},"minecraft:dropped":{"minecraft:rotten_flesh":11,"mmorpg:jewelry/necklace/iron":1},"minecraft:crafted":{"minecraft:oak_planks":28,"sophisticatedbackpacks:backpack":1,"minecraft:crafting_table":1,"minecraft:wooden_pickaxe":1,"minecraft:stone_axe":2,"minecraft:stick":4,"minecraft:chest":1,"minecraft:torch":56},"minecraft:mined":{"minecraft:crafting_table":3,"minecraft:torch":2,"biomesoplenty:bush":1,"minecraft:grass_block":1,"minecraft:chest":1,"minecraft:rose_bush":1,"minecraft:tall_grass":1,"minecraft:magma_block":2,"tetra:basic_workbench":1,"minecraft:grass":4,"minecraft:coal_ore":10,"minecraft:oak_log":68,"minecraft:cobweb":5,"minecraft:stone":12,"minecraft:oak_leaves":169},"minecraft:used":{"minecraft:cooked_mutton":7,"croptopia:lemon":1,"minecraft:oak_planks":8,"minecraft:chest":1,"minecraft:wooden_pickaxe":24,"minecraft:iron_sword":140,"minecraft:torch":37,"minecraft:dirt":1,"minecraft:crafting_table":3,"minecraft:stone_axe":177,"minecraft:oak_sapling":45,"croptopia:blackberry":1,"alexsmobs:animal_dictionary":2,"minecraft:experience_bottle":1},"minecraft:picked_up":{"mmorpg:gems/topaz/0":1,"born_in_chaos_v1:corpse_maggot":3,"minecraft:crafting_table":4,"minecraft:magma_block":2,"minecraft:wheat":4,"aoa3:carved_rune_of_reality":1,"aoa3:copper_coin":33,"minecraft:chicken":1,"born_in_chaos_v1:monster_flesh":1,"born_in_chaos_v1:seedof_chaos":4,"minecraft:leather":5,"minecraft:oak_log":69,"minecraft:gunpowder":2,"minecraft:dirt":1,"minecraft:string":5,"born_in_chaos_v1:monster_skin":2,"minecraft:cooked_mutton":10,"minecraft:item_frame":1,"minecraft:experience_bottle":1,"minecraft:bone":8,"minecraft:apple":2,"undead_revamp2:blacpetalblock":1,"minecraft:bow":4,"minecraft:wheat_seeds":2,"minecraft:bucket":1,"minecraft:beef":6,"minecraft:iron_nugget":3,"minecraft:chest":1,"minecraft:iron_sword":2,"minecraft:iron_boots":2,"minecraft:egg":2,"minecraft:stick":20,"born_in_chaos_v1:lifestealer_bone":3,"born_in_chaos_v1:ethereal_spirit":1,"minecraft:torch":4,"croptopia:blackberry_seed":2,"croptopia:blackberry":1,"mmorpg:stat_soul":1,"born_in_chaos_v1:dark_rod":1,"aoa3:scrap_metal":5,"mmorpg:jewelry/necklace/iron":2,"mmorpg:skill_gems/support/int":1,"born_in_chaos_v1:pieceofdarkmetal":7,"minecraft:carrot":1,"aoa3:carved_rune_of_travel":2,"mmorpg:weapon/staff/wood":3,"minecraft:dark_oak_log":2,"croptopia:lemon":1,"minecraft:rotten_flesh":19,"minecraft:iron_helmet":2,"minecraft:oak_sapling":45,"undead_revamp2:arapholia":5,"minecraft:coal":14,"minecraft:cobblestone":12,"born_in_chaos_v1:fused_bone":4}},"DataVersion":3465}