{"stats":{"minecraft:broken":{"minecraft:stone_axe":1},"minecraft:custom":{"minecraft:blood":0,"minecraft:mob_kills":12,"minecraft:dexterity":9,"minecraft:intelligence":6,"minecraft:move_speed":0,"minecraft:interact_with_crafting_table":3,"minecraft:open_barrel":11,"minecraft:damage_dealt_resisted":378,"minecraft:leave_game":1,"minecraft:time_since_death":42913,"minecraft:levels_gained":2,"minecraft:mana":120,"minecraft:time_since_rest":42913,"minecraft:magic_shield":0,"minecraft:sprint_one_cm":97176,"minecraft:damage_absorbed":1019,"minecraft:damage_taken":1420,"minecraft:walk_one_cm":147122,"minecraft:drop":2,"minecraft:damage_dealt":2234,"minecraft:health":128,"minecraft:swim_one_cm":1139,"minecraft:fly_one_cm":63613,"minecraft:open_chest":15,"minecraft:crouch_one_cm":1392,"minecraft:play_time":42913,"minecraft:sneak_time":926,"minecraft:walk_under_water_one_cm":6255,"minecraft:jump":504,"minecraft:energy":150,"minecraft:walk_on_water_one_cm":7385,"minecraft:strength":9,"minecraft:total_world_time":42913,"minecraft:fall_one_cm":11092},"minecraft:killed":{"born_in_chaos_v1:decrepit_skeleton":1,"born_in_chaos_v1:maggot":2,"minecraft:zombie":2,"born_in_chaos_v1:dread_hound":1,"minecraft:chicken":1,"born_in_chaos_v1:corpse_fly":2,"realmrpg_demons:chort":2,"born_in_chaos_v1:door_knight":1},"minecraft:dropped":{"minecraft:rotten_flesh":11,"mmorpg:jewelry/necklace/iron":1},"minecraft:crafted":{"minecraft:oak_planks":16,"minecraft:crafting_table":1,"minecraft:wooden_pickaxe":1,"minecraft:stone_axe":2,"minecraft:stick":4},"minecraft:mined":{"minecraft:crafting_table":2,"biomesoplenty:bush":1,"minecraft:chest":1,"minecraft:rose_bush":1,"minecraft:tall_grass":1,"minecraft:magma_block":2,"tetra:basic_workbench":1,"minecraft:grass":4,"minecraft:oak_log":68,"minecraft:cobweb":5,"minecraft:stone":10,"minecraft:oak_leaves":169},"minecraft:used":{"minecraft:cooked_mutton":3,"minecraft:wooden_pickaxe":12,"minecraft:iron_sword":85,"minecraft:crafting_table":2,"minecraft:stone_axe":176,"minecraft:oak_sapling":35,"croptopia:blackberry":1,"alexsmobs:animal_dictionary":2},"minecraft:picked_up":{"minecraft:crafting_table":3,"minecraft:magma_block":2,"minecraft:wheat":4,"aoa3:copper_coin":11,"minecraft:chicken":1,"born_in_chaos_v1:monster_flesh":1,"minecraft:oak_log":68,"minecraft:string":5,"born_in_chaos_v1:monster_skin":1,"minecraft:cooked_mutton":10,"minecraft:bone":3,"minecraft:apple":2,"minecraft:bow":3,"minecraft:bucket":1,"minecraft:chest":1,"minecraft:iron_sword":2,"minecraft:egg":2,"minecraft:stick":20,"croptopia:blackberry_seed":2,"croptopia:blackberry":1,"aoa3:scrap_metal":1,"mmorpg:jewelry/necklace/iron":2,"minecraft:carrot":1,"aoa3:carved_rune_of_travel":1,"mmorpg:weapon/staff/wood":2,"minecraft:rotten_flesh":13,"minecraft:oak_sapling":45,"undead_revamp2:arapholia":1,"minecraft:coal":2,"minecraft:cobblestone":10}},"DataVersion":3465}